Site,Sp,SpCode,PC1,PC2,PC3,PC4
1017,sapiens,0,3.0080405848803924,0.7130517027226121,-0.45067705879328024,0.3102935429217011
1017,sapiens,0,1.3469615071543755,1.7086286380854445,-0.3421224100674942,-0.6320327327391377
1017,sapiens,0,2.380174185532506,0.8365090370637772,-0.38659088063275165,0.5584665529311135
1017,sapiens,0,0.5026903406672902,0.6915993319844328,-1.5185019908131334,-0.03879907725026906
1017,sapiens,0,0.6082568866069112,0.518466646415149,-1.8401153415276295,-0.7455272098115462
1017,sapiens,0,2.060276571516343,0.9742652333015785,0.18744161180698535,0.9731191428069208
1017,sapiens,0,2.1666988220387586,0.3745122505651329,0.7328211032103987,-0.7925877546257617
1017,sapiens,0,1.600725132817085,0.9419133010493259,-0.6331033682851006,1.38588529892633
1017,sapiens,0,1.7944807998400893,1.3415680120728055,-0.12473650887549038,1.0641378215045347
1017,sapiens,0,0.5628919343552611,1.1170639850088213,0.169511990351598,-0.1245817994928018
1017,sapiens,0,-1.7571809601775727,1.2686768860792697,0.04247589047138338,0.5097980247572648
1017,sapiens,0,1.8760333537183345,0.35318148272650185,0.6082418230360571,-0.08371034197004898
1017,sapiens,0,0.23389786659509423,-0.34015646006698774,-0.7031799192840946,-0.10579537036860258
1017,sapiens,0,0.008662606303871135,0.08944245888878744,0.30091376663867647,-0.8663133260896634
1017,sapiens,0,-1.1077378852653115,0.6184432612588023,0.8436272221688919,-0.349253664973411
1017,sapiens,0,-1.0206475289428372,0.700265067793561,0.23671714688487142,-0.05575863795041877
1017,sapiens,0,-0.03297854987292472,0.9641128695756317,0.5423617370208524,0.36724359299317405
1017,sapiens,0,0.14949453695854173,-0.1302569399275038,-1.39343553277522,-0.27689598997834075
1017,sapiens,0,-0.4091035073546459,1.2965415091778596,0.8250616249649735,-0.2640883798440108
1017,sapiens,0,-0.8756192316538921,1.7706638799655954,0.5381389839078106,0.2854873467347769
1017,sapiens,0,-2.167301963937533,2.3584160495733233,-0.5545090194462454,1.3941232409110624
1017,sapiens,0,-1.2493768834455574,2.5118907173838516,-0.6761082551265026,2.6604156461700925
1017,sapiens,0,-2.4501308360157132,1.6627478958023263,-0.6221242623977622,1.705669869231236
1017,sapiens,0,-1.5060024436423565,-0.7679019787710102,-1.395839248524868,0.13250398835897712
1017,sapiens,0,-0.44872062239543203,0.45025575642516646,0.01666964895682323,0.6617831804899339
1017,sapiens,0,-2.1527982267563073,0.8241724846355737,0.33411688960649644,0.46559709159421636
1017,sapiens,0,-0.8102910666840145,0.9465685123539401,0.956099170129272,0.5835017709412026
1017,sapiens,0,-3.7072292413907664,0.4408348853398221,0.0813792245979662,-0.26346287637567245
1017,sapiens,0,-1.816507764340275,0.03676466358059992,1.507932438445436,-0.10224901867155209
1017,sapiens,0,-7.104899198248425,1.756134876499867,-1.7088180689584493,-0.3313379855769532
1017,sapiens,0,-2.6074735624887735,1.2519725273396662,-0.3716808481574855,0.6259881682161296
1017,sapiens,0,-4.538033456617843,1.2765671955457072,0.7552106403752752,-0.8544110104726834
1017,sapiens,0,-4.464437507056964,0.2972051598144391,0.04376611399231081,0.8860066009381442
1017,sapiens,0,-3.8906371085977445,-0.3688872184787041,-1.2704921042416188,0.9735985464002814
1017,sapiens,0,-4.190330765482756,2.298918727664601,-0.09950996032241399,2.591342272966788
1017,sapiens,0,-5.180372555563799,2.246769056659644,-0.4956131705292846,2.506061078444271
1017,sapiens,0,-4.3012022896844,1.3888488608312297,-0.11368461249331753,3.0783124418937327
1017,sapiens,0,-4.027639762628416,0.5414147815018324,0.674867664511589,1.0769511727137078
1017,sapiens,0,-4.658670929347036,1.0696437938769734,1.485245429389844,0.3893904446988009
1017,sapiens,0,-5.29315865440517,0.9457954542362569,0.8647992692646215,1.4555505803959614
1017,sapiens,0,-4.641836472632814,-0.34353842569180587,1.2965783077816577,-0.30022852247894966
1017,sapiens,0,-6.047867638733361,1.0566664155789898,-0.12537491144999016,0.8321154408073765
1017,sapiens,0,-4.402382771281874,-0.5229458243863704,0.3909177689867167,1.6363628093417721
1017,sapiens,0,-7.160909605937036,0.9845373468824552,-1.0137831971876046,2.298216635664838
A5,sapiens,0,2.5485214625833184,1.0958196909158058,-0.34647128565936247,0.40036789531112704
A5,sapiens,0,2.737886422265077,1.1446562997957652,0.1476394267837084,-0.05822098794077743
A5,sapiens,0,2.9130895670724324,1.6991602490105966,0.2255277678778939,0.20033378520104556
A5,sapiens,0,3.3988617120739515,0.7892174869778581,-0.11000511508528964,1.0293575062726301
A5,sapiens,0,3.0825903261630483,1.2631987131597062,0.6223885620103456,0.35015726606181896
A5,sapiens,0,2.3996972390448215,1.2234927853727373,0.799493101675948,-0.8311644206849114
A5,sapiens,0,2.692317416761414,-0.4145481910428005,-0.1681252326983972,-0.3951968373347095
A5,sapiens,0,1.8239434201068203,2.3329315055958895,-0.08197112367023576,0.9792267477512576
A5,sapiens,0,2.3146465097257063,0.7845542552488306,0.614380000097493,-0.3312540913351538
A5,sapiens,0,2.730770268748489,1.1775902012612078,0.4596454045890988,1.5710031817013863
A5,sapiens,0,2.9397344479523664,1.17336511825597,-0.07219330561241026,1.683919111342945
A5,sapiens,0,1.7357500361982456,1.2773158891664487,0.9664562446078945,-0.0754502744336223
A5,sapiens,0,1.6597559460583353,1.4521302886841982,-0.1473239211422147,0.6823223722951746
A5,sapiens,0,0.7111358542704352,1.0633042674984827,0.5740566526471019,-0.848622407215862
A5,sapiens,0,1.4846992560250616,0.4425226473457,0.48907982413532713,-0.7295409042226499
A5,sapiens,0,1.2875992128937368,1.1794345690223822,0.6296050043099986,-0.10198185160530338
A5,sapiens,0,1.6785250346282845,0.7249008541863057,0.8131010802304195,-0.7351228776683474
A5,sapiens,0,-1.689722191002054,1.5582084928042492,0.8282519150758937,-1.374458788381545
A5,sapiens,0,1.1691206750714818,0.9898901209402569,0.693567742756252,0.8831974927115354
A5,sapiens,0,0.10149515006459262,1.3019702002172822,-1.1645192126766244,1.8689197023089932
A5,sapiens,0,0.5878125083725033,0.7466858341979052,0.10079923366991252,1.168685104979746
A5,sapiens,0,1.1699180415565216,0.38280464755888294,0.10031009760638736,0.08253182935792872
A5,sapiens,0,0.5273466738782401,0.8945140692647208,0.25313520541079815,0.34165089047040165
A5,sapiens,0,1.519394107159095,0.16643785651089807,0.12806713534310668,-0.2603793272973307
A5,sapiens,0,1.3233393311524027,-0.5572289987943121,0.6592614012825242,0.42754262597276677
A5,sapiens,0,0.2795783838519885,1.5541627210387539,0.41227899442974353,0.07808306581834931
A5,sapiens,0,1.3425071547398413,0.3356283456620895,1.3358170230132451,0.2756752498385788
A5,sapiens,0,0.38508903191330646,1.0812783655911324,0.6235429224013401,1.69496377433018
A5,sapiens,0,-0.17175255965615358,1.9268029203087202,0.7032931713953673,1.9537795709037031
A5,sapiens,0,0.8689648048779622,-0.9842090585047081,0.8824511284964032,0.22752436437489565
A5,sapiens,0,-0.8731340314368908,-1.3529854884505463,-0.3429231879335702,0.02941237568677269
A5,sapiens,0,0.6406370016832649,-0.8787584997899531,1.344739755427011,0.10411301059282646
A5,sapiens,0,0.7374622817647882,-0.5401725481642676,0.9242667104472713,0.8496991017103753
A5,sapiens,0,-2.048560042903217,0.36269301700519985,0.12998493032008662,-0.17779401868271807
A5,sapiens,0,-4.174352520642029,0.9693149304847569,0.09079075457000664,-0.303430598793661
A5,sapiens,0,-0.32027531094838774,-0.45435566288813056,1.2584917800410755,0.6779047276268365
A5,sapiens,0,-1.4189892581326422,0.7607666764502774,1.2031963158649561,-0.12915377256571475
A5,sapiens,0,-0.03093878007151862,0.3442106422266341,0.9335004557687419,0.6564932394180811
A5,sapiens,0,-2.833264933879497,1.8328332812321797,0.4459887765629716,0.5444289637324188
A5,sapiens,0,-1.3638272528796875,-0.5295779780780294,-0.046811505377510054,1.2044066358791878
A5,sapiens,0,-2.301688867497031,0.3638174969433366,1.7457823978189033,0.43556408019371357
A5,sapiens,0,-2.3274155511261934,0.7239676773437875,1.4962633959647922,0.9677570846099566
A5,sapiens,0,-7.616871865936579,2.0091274809584023,0.47587888191301053,1.3006772607607662
ANW-3,sapiens,0,1.4078796913098215,2.2375511482057333,-0.933976742814604,0.5685460276474716
ANW-3,sapiens,0,0.385703036768184,2.1264710553079027,-0.022101077175529713,0.35095604572766764
ANW-3,sapiens,0,2.2187124810352215,0.8853749339864467,-0.042382196822063734,0.7592672722135726
ANW-3,sapiens,0,2.3980411231539533,1.0321337563332498,-0.33744362719692844,0.8235949480634219
ANW-3,sapiens,0,0.9482992117765827,1.2834059682972072,-1.3689284074128814,1.3713778389123101
ANW-3,sapiens,0,2.17146824627176,0.8787953580082162,0.3401281736341187,0.7781600621123587
ANW-3,sapiens,0,0.7846079504031936,2.047874446138608,0.027454318036967077,0.9593936137557323
ANW-3,sapiens,0,0.7968080581842799,0.8153765225672936,-0.11100903543658422,0.5433559973338762
ANW-3,sapiens,0,1.5245148577244683,0.8730501633922126,0.5914324823049385,0.15392040588265676
ANW-3,sapiens,0,-0.07265252446631336,1.0111664924849808,0.48485250671326585,-0.43487876073480713
ANW-3,sapiens,0,1.5517719648527077,1.275639207289458,0.36503223920767974,1.6652742671985061
ANW-3,sapiens,0,0.06263165419039736,0.8204055384757345,0.12014986938306003,-0.8965470621675327
ANW-3,sapiens,0,-0.4917311294748189,0.9001785626486689,-0.10094066070819424,-0.26629420654163705
ANW-3,sapiens,0,1.4806541185408506,0.554921305910236,0.8369764519719111,-0.21740340087577661
ANW-3,sapiens,0,-0.4222040319011185,1.1503313512333342,-0.38792508180044205,-0.20491055956911122
ANW-3,sapiens,0,-0.04964243252175428,1.0920719790555533,-1.1697907443139814,0.5441491839884421
ANW-3,sapiens,0,1.239327334421508,0.5344996454171791,0.46040573676269997,0.10249241934134114
ANW-3,sapiens,0,0.25352381226829895,0.4266603246734554,0.6909656769158237,-0.20173462466407624
ANW-3,sapiens,0,-0.18566678180905447,0.4766330243349346,-0.09413428006426912,-0.4621929029387987
ANW-3,sapiens,0,-0.799271552491637,1.2193430477310965,-0.28348808252067575,0.1983875191821815
ANW-3,sapiens,0,0.6627106339439326,0.13310493830286044,-0.363246016648395,0.2737213803822492
ANW-3,sapiens,0,0.7574899858325118,1.4497925905979279,0.5164905041425665,0.5443911736155107
ANW-3,sapiens,0,-0.17675620730040492,0.47365284845554606,-0.1556358544460214,0.587127805064129
ANW-3,sapiens,0,-0.5699837100415982,0.7179902489406722,0.3107687292424736,-0.6938888470577594
ANW-3,sapiens,0,-0.03728683215707219,0.7647944540820234,-0.5638442170607736,-0.3899799954905139
ANW-3,sapiens,0,0.22052321744048228,0.07177353461796407,0.7030927617742664,0.22033307541000685
ANW-3,sapiens,0,-0.1844849887284935,0.8314096576189676,0.2401776333863468,0.44849672477209057
ANW-3,sapiens,0,-1.1783293319006833,1.9201804425259825,0.8991825124774716,0.06419910091282513
ANW-3,sapiens,0,0.42002107100863045,0.26356683119831403,-0.33662809440931524,1.297280041211095
ANW-3,sapiens,0,-0.9189211385537464,0.9066819284380708,-0.0663309660591053,-0.12351444437272924
ANW-3,sapiens,0,-0.08103801577363366,1.4800596981728655,0.3579781346319457,1.3791795193684324
ANW-3,sapiens,0,0.04768058830182236,0.8494540243019174,0.518354941652987,1.2852247820645157
ANW-3,sapiens,0,-0.442278723705076,1.0966475291840005,1.066430843690854,0.5628966403436716
ANW-3,sapiens,0,0.43777422967593826,1.325784141315034,0.046137753247055165,2.0544244446127777
ANW-3,sapiens,0,-0.7553327536767726,0.35580761408692846,0.06540797869957124,0.069297249797621
ANW-3,sapiens,0,-0.9820769186301508,1.5032691033083287,0.09462818054200849,0.43985170311014904
ANW-3,sapiens,0,0.0489841409155151,1.1165989618285046,1.3765207642581667,0.604291871951549
ANW-3,sapiens,0,0.734846929960291,-0.18468555378568174,0.6511444698830415,0.8488343692380649
ANW-3,sapiens,0,-0.3767897786121474,0.47494353987466426,-0.35639824534146974,0.8641029900697518
ANW-3,sapiens,0,-0.3360663382816097,-0.11688321290279519,1.190445166584945,-0.4012047255668007
ANW-3,sapiens,0,-1.7585447427825514,1.2059423916805563,-0.2964302133606256,1.6616779732313738
ANW-3,sapiens,0,-3.3924972705755048,0.9817920427598879,-0.22864662434056685,0.256165702454655
ANW-3,sapiens,0,-2.676677696404481,0.621831612037831,0.4808306752124167,-0.7532839758815348
ANW-3,sapiens,0,-1.7945468460321703,1.2121255056873759,0.2458343627804978,0.6994712127235275
ANW-3,sapiens,0,-2.419098279785521,0.8708107010769345,-0.8492256367488704,0.7731048761797766
ANW-3,sapiens,0,-1.1630860410293333,-0.2808872694797424,1.3361991373433697,-0.19095373925709191
ANW-3,sapiens,0,-1.5769802082908346,0.6762839211805407,0.5134121491917857,0.6004455705314856
ANW-3,sapiens,0,-1.8594171030536784,0.44144747762194303,0.7746283015615947,-0.2690050648684365
ANW-3,sapiens,0,-1.7771132541809493,0.19381847439551605,0.3439352056657371,0.23764070238485416
ANW-3,sapiens,0,-1.4469866837549172,-0.38304710497325095,1.3738672454738614,0.6982023201230798
ANW-3,sapiens,0,-1.9782401456179262,-0.027478559731523498,1.0637895810021083,1.1314744751245829
ANW-3,sapiens,0,-2.377768681129309,0.5869597676417422,0.444938901731258,0.08709933679148346
ANW-3,sapiens,0,-3.0617872615206827,0.3443127272404691,0.9391170087747642,1.178351802638222
ANW-3,sapiens,0,-3.7671075747030844,-0.0732803999414574,0.9570047219143569,0.2699955122800693
ANW-3,sapiens,0,-8.319375364084905,0.79710063347079,0.2578260973106457,1.6119338593786292
BNS,sapiens,0,1.791113259841384,2.103542915289949,-0.5545097338834323,-0.0014538707017988123
BNS,sapiens,0,3.356325835610278,2.3294869567055025,-0.061266621285644626,2.031070951205863
BNS,sapiens,0,3.7078726378380433,0.3074255972962079,-0.08428078242221125,0.39685461898058366
BNS,sapiens,0,1.034325763216572,1.9057781808009686,-0.612802942905856,0.014342817374949484
BNS,sapiens,0,2.397895844899188,1.4931621482350095,0.2584533035723496,0.31263166306707846
BNS,sapiens,0,1.6814339296190177,2.0601832244334966,-0.6429159154296714,0.35081715043399564
BNS,sapiens,0,0.1261594561957002,1.8588809675365516,-0.899244570840807,-0.3608172069759613
BNS,sapiens,0,2.1829885785379144,1.6994601692787625,0.34850929378480755,0.06749723909501804
BNS,sapiens,0,2.72483758653975,0.8949231209505506,0.8108738612318286,-0.10090443471955564
BNS,sapiens,0,1.8076995095274266,0.6908638472233216,-0.47092021316438515,0.7462198450591861
BNS,sapiens,0,1.1898832481797037,1.3675013918276533,-0.6643625218780762,0.6100599127848934
BNS,sapiens,0,2.9379695297547976,1.2630264181135507,0.4198882057850527,1.8289983504687555
BNS,sapiens,0,0.07346240776057847,2.7791332101672275,-0.5544986712253324,2.216820491266137
BNS,sapiens,0,0.48845103257936806,1.0338994231161405,-1.1570726021921383,0.8041032978568265
BNS,sapiens,0,2.2521979888235277,0.2955070297310496,1.069927515770464,-0.5919964554717451
BNS,sapiens,0,1.8145626622300206,0.5716456129100861,1.4792372793948156,-0.866414849872469
BNS,sapiens,0,2.3511744642501866,-0.08168232338844138,0.6965011616921474,0.09116983257288917
BNS,sapiens,0,2.1578512352433163,0.5260832414010966,1.212203967198747,0.20042539329193215
BNS,sapiens,0,0.04371688571169918,1.0260466434905318,0.865038161016106,0.2305665635306315
BNS,sapiens,0,1.3167048180346352,0.5341897206376353,0.28942065233357667,-0.500422389899135
BNS,sapiens,0,-0.12074312413150644,1.8775901643919704,-0.5885182484092675,2.8298661279573736
BNS,sapiens,0,0.7349267103964644,0.26712934477939104,1.5711938364804747,0.5084293998212244
BNS,sapiens,0,0.3257486338767933,-1.04130503300961,0.4390782347909705,0.5153186439684199
BNS,sapiens,0,0.87648502511075,0.264923290612964,-0.5499300938042067,1.862167387987111
BNS,sapiens,0,0.6558627637849176,1.1333513077944724,0.30034697219280654,0.43029096505865455
BNS,sapiens,0,-0.6368741338696087,1.097798213475037,-0.21805117117676076,1.2823950330227474
BNS,sapiens,0,0.5914565217904644,0.19463996597739017,1.0757937238258193,0.7783070429483108
BNS,sapiens,0,-0.5973103057850537,1.3716091623631161,1.1497378531841866,-0.10793349307988429
BNS,sapiens,0,-1.1847767367341475,1.3197808367020845,1.2094372469228432,0.5506827946622629
BNS,sapiens,0,-1.8853952651799089,1.0779482902992352,0.5788771864113814,-0.27413827198171453
BNS,sapiens,0,-4.097465291904773,3.5382202377331926,-0.8044083007210724,1.786516410714912
BNS,sapiens,0,-2.82782278420666,-0.3795480539128504,1.182871498278544,-1.0006199445838022
JKF-1,unknown,2,2.4712989141452115,0.741439801309682,0.5496676611194399,-0.0064430402901293395
JKF-1,unknown,2,2.000126534100927,-0.9794348086285121,-0.19766688480521274,-0.03892180753792997
JKF-1,unknown,2,0.8139598680506082,0.6134636105582677,0.03703997966707338,0.1184569336893665
JKF-1,unknown,2,-0.1211547505501188,0.02327372101840679,-1.4103425499533244,-0.8635060069747589
JKF-1,unknown,2,-0.2747281702447799,-0.7023659927627388,0.6313166589052828,0.45285512894279867
JKF-1,unknown,2,0.5585219813635959,0.10160159260950143,-1.2922212434038751,0.6983634227582157
JKF-1,unknown,2,0.52635440157839,-0.12649267638170897,-0.24598578286610373,0.7308352215589543
JKF-1,unknown,2,0.612503247564923,-0.8243686133741064,0.13094428551634615,-0.6803188679478951
JKF-1,unknown,2,-1.4667608705166608,-0.01750179464413383,-0.7965572361706739,0.9577460471693996
JKF-1,unknown,2,-1.763380502838707,-0.8179962206036329,-2.7331409872212906,1.5480629162615118
JKF-1,unknown,2,-1.7917887708205333,-1.0195048233139987,-2.908591580338572,0.770042703124735
JKF-1,unknown,2,-0.11216779269568213,-0.7075826384120454,0.20696014604115134,0.19809420634574904
JKF-1,unknown,2,-1.7140087098777834,0.17608061259840022,-0.026916812129554955,-1.1339946105575565
JKF-1,unknown,2,-0.8062109265404336,0.41643496337868535,0.12413985854896487,0.03860740755760147
JKF-1,unknown,2,-1.57956008524513,-0.880425761985565,-1.7024581851645268,0.6238328996825084
JKF-1,unknown,2,-2.819709519789312,-0.7208832883958721,0.16339246572171467,-0.5681610483584231
JKF-1,unknown,2,-0.9086329392883378,-1.0412443568603866,-0.03278638640682999,1.1361287322901985
JKF-1,unknown,2,-1.3601354984564322,-1.5352879350140616,-1.5793371703572838,1.0867062055953916
JKF-1,unknown,2,-3.215843780787482,-0.7301269419771166,0.18476602212036547,0.580048737602377
JKF-1,unknown,2,-4.04758358092352,-1.0236815397685188,1.0417043027875175,1.192781804070407
JKF-1,unknown,2,-3.1030076623195875,-1.4674832523582795,-1.127561926957368,1.4902532906190649
JKF-1,unknown,2,-2.403512045678658,-1.8240024563527835,-0.22755376004606534,1.2245325869600454
JKF-1,unknown,2,-1.816614600279261,-3.130300228408261,-0.02884364537026847,0.37785607117597175
JKF-1,unknown,2,-4.723200875905639,-2.8225242813304283,0.23667350270476817,1.2475215650896194
JQ-1,sapiens,0,-1.545911066225582,2.0751326382865867,-2.018567409194278,0.3316617869864664
JQ-1,sapiens,0,-0.27193691995230224,0.9140185089126499,-0.45088395658578906,-1.062886203996726
JQ-1,sapiens,0,0.6782487399565674,1.7838203454337749,-0.5123136567423601,-0.42170050240981066
JQ-1,sapiens,0,-0.9364084685560554,0.8554239032897025,1.4347087225936224,-0.9619691826415584
JQ-1,sapiens,0,-0.439821385843722,0.28011731115099026,1.3932189496157987,0.43914144527659804
JQ-1,sapiens,0,-0.8196102404667964,1.9807877485484082,-0.2825108576214201,1.066734921836576
JQ-1,sapiens,0,-1.7736888581833394,0.5565819198010605,1.319720445007055,-0.40653626475267873
JQ-1,sapiens,0,-1.3211548530225914,0.06040182566472147,0.6544253328211306,-0.8902680557771945
JQ-1,sapiens,0,-2.710021417381584,1.4879850604969667,1.1260583879999235,-1.0554319018689327
JQ-1,sapiens,0,-2.076453016812577,0.35230714563254656,0.8935966924822857,0.8595426098779947
JSM-1,sapiens,0,3.7849924733760605,1.623315557148439,-0.16226822391191995,0.8797533870179182
JSM-1,sapiens,0,2.5008290577652907,1.1910116016283836,0.3969801568860517,-0.5798728682410257
JSM-1,sapiens,0,2.518675353572273,1.326240817618304,-0.18532897068097537,0.3801532121987783
JSM-1,sapiens,0,2.4874677534408853,2.076099084956221,0.4903886730618043,-0.10097857828274398
JSM-1,sapiens,0,2.9770854022960966,0.7785448823928877,-0.09028490355198476,-0.3899240041941033
JSM-1,sapiens,0,0.5422694310770967,1.5408616365725503,1.0164357412913418,-0.7588885764971299
JSM-1,sapiens,0,1.1825942281827033,1.6713715278182728,-0.6484074802477164,0.12407909012397261
JSM-1,sapiens,0,0.008962484520244944,2.5049395586699776,-0.7852225035861866,0.4351697853181686
JSM-1,sapiens,0,1.1213698726153134,2.0338869840884928,-0.43435377062343816,0.5474788660581416
JSM-1,sapiens,0,1.4591148350278014,1.139300781247027,0.5784320826986656,0.18721083275636646
JSM-1,sapiens,0,1.472255704352014,1.0716964604513852,-0.4760937697553584,-0.3964232345790805
JSM-1,sapiens,0,1.7869689294334519,0.9175645384205674,0.36947270355390466,-0.38026108460518715
JSM-1,sapiens,0,1.7070560955958656,1.117962252531017,0.3738224672973571,0.07605853227875109
JSM-1,sapiens,0,1.5684203181108878,0.07522161018390741,0.6877905042751595,-0.8634824852346893
JSM-1,sapiens,0,1.0728863862648077,0.5962741960007428,0.4786747845695717,-0.7710000383257775
JSM-1,sapiens,0,0.13854098553712682,0.9059315104981311,-0.023190934256287217,-0.31063362789018856
JSM-1,sapiens,0,2.18362281421909,0.41447133166311373,0.8448077215417333,-0.4531300196572523
JSM-1,sapiens,0,0.7303360541839189,0.7634146305834907,0.5904149188865442,0.2793582408760687
JSM-1,sapiens,0,-0.27571685852330297,0.35690325654416094,-0.1343115010775287,0.4206712771743511
JSM-1,sapiens,0,0.32573940325046363,1.0546769651294996,0.24037250793174067,-0.277614077056891
JSM-1,sapiens,0,-0.23759236006290682,2.412704845803442,-0.6639674842716832,1.5186988803372652
JSM-1,sapiens,0,1.003702417150981,0.5117408689982595,-0.09532058016794362,0.8494037955516901
JSM-1,sapiens,0,0.632991736687974,0.9000127366683682,0.46482365433261325,0.8524093842523157
JSM-1,sapiens,0,0.6170909642852769,1.273876322469494,0.8943020694718059,0.29221640784509406
JSM-1,sapiens,0,-0.039021605086799846,0.30491539924315914,0.6238529664886351,-0.7495967368589854
JSM-1,sapiens,0,1.6237829881780235,0.15452965380105557,1.2247009459266887,0.656179957859181
JSM-1,sapiens,0,2.0326399959875725,-0.15358161369090026,0.9258594525154955,1.2217607851528653
JSM-1,sapiens,0,0.3095212348149339,0.49658928236372557,1.2825517320474427,0.37258309685844326
JSM-1,sapiens,0,-2.5825640331272695,0.5596904036845465,-0.08856431774595724,-0.3644750722660929
JSM-1,sapiens,0,-0.2568033333225075,-0.24429630094337604,1.3036886863055694,-0.18182339070076137
JSM-1,sapiens,0,-2.2030191294541814,-0.2883291118799855,-0.15043554105425191,-1.2774805216222882
JSM-1,sapiens,0,-1.4710396474316778,0.8872996059805225,0.020529804451252374,1.0045688017283319
JSM-1,sapiens,0,-1.4599881768280278,0.6246226026688935,0.7608845011544805,0.07558008909150128
JSM-1,sapiens,0,-2.745106689477076,0.029210940780105492,0.8083768014239697,-0.6243678717243353
JSM-1,sapiens,0,-3.513765145637593,1.3845168224205084,0.25127123098105963,2.5372695181986775
JSM-1,sapiens,0,-5.2670013003794125,-0.16904524065100077,-1.3420304497020874,-1.479682864839351
Kebara X,neanderthal,1,3.3706894551722337,0.4752157057696625,-0.889484285533679,-0.2409300460580996
Kebara X,neanderthal,1,3.1847827455630493,0.09402789037078585,0.009164842480514798,-0.7385526456499132
Kebara X,neanderthal,1,2.652448608457329,-0.02811340342698709,-0.7801286500336009,-0.6833379340975428
Kebara X,neanderthal,1,2.9898063574996536,0.39493480932344255,-0.9958131186048073,-0.19728782203594092
Kebara X,neanderthal,1,2.4814097920248694,0.38361816400803933,-1.5340237695730918,-0.4256216248379897
Kebara X,neanderthal,1,2.9844232953937953,-0.05869683379498158,-1.1686033379721172,0.0802062328467938
Kebara X,neanderthal,1,2.5599672582679895,-0.3700769013596937,-0.9400108065212697,-0.027487931054182037
Kebara X,neanderthal,1,0.33569289556659804,1.761194577503275,-1.9432428602404315,0.6752336355246935
Kebara X,neanderthal,1,2.0367142733679815,-0.5235653329169478,-0.4590017764302365,-0.012883773651521931
Kebara X,neanderthal,1,3.1800035217470914,-0.30369500940484806,-0.23514330746424686,0.01917095479356143
Kebara X,neanderthal,1,2.3493195866050742,-0.05380905088376044,0.20857090630945702,0.4682571981138146
Kebara X,neanderthal,1,1.5445266454592173,-0.3496298978342443,-0.7962876378067184,0.2560102200381189
Kebara X,neanderthal,1,2.5800497227484946,-0.31353671078053347,-1.205816043074011,0.15558521016000293
Kebara X,neanderthal,1,2.1979459127072616,-0.8613898323047303,-0.6493043719671504,-0.19413936690536776
Kebara X,neanderthal,1,2.356913931537635,-0.3468365423436038,-0.006295314936602181,0.061050627136190715
Kebara X,neanderthal,1,2.1433317796955254,-0.04099676779474687,-0.2925383888923289,0.0615740350998992
Kebara X,neanderthal,1,1.810050707891342,0.23836850679529417,0.1414513044616022,0.23807523716897314
Kebara X,neanderthal,1,-0.03481851093309487,-0.10295634086714817,-1.3814335499040349,-1.429941181658924
Kebara X,neanderthal,1,2.4707686150272643,-1.190648818632602,-0.7915980668928185,-0.11667480019451616
Kebara X,neanderthal,1,2.2731095507242847,-0.6823311787301893,-0.17618490671801432,-0.16175950306477416
Kebara X,neanderthal,1,2.8448727122649853,-0.5468223220566762,0.175669438199465,-0.3144306661491848
Kebara X,neanderthal,1,2.196805530519197,-0.15145620935881784,0.1316072267453445,-0.2625230565216716
Kebara X,neanderthal,1,0.10506720243089823,-0.4520965596784936,-2.158155809810389,0.14354696443370774
Kebara X,neanderthal,1,-1.808749341112436,-0.35746699075816857,-1.0579483723675251,-1.421558618433101
Kebara X,neanderthal,1,1.4029688089500996,-0.4083220232215875,-0.10498367049197847,-0.6806327167844035
Kebara X,neanderthal,1,0.9711007219456537,-1.04216093928384,-2.3921277861928383,-0.8215020375454157
Kebara X,neanderthal,1,1.615012128385501,-0.3708358183301417,-0.881987100518262,0.13885225796295542
Kebara X,neanderthal,1,2.250331927174922,-0.7450840699369577,0.7601139968804344,-0.40368887891156263
Kebara X,neanderthal,1,2.5163065826644773,-0.8268764538248214,-0.034401863513502634,0.32733624453635113
Kebara X,neanderthal,1,1.0588542105411196,-1.0173140223540333,-0.890388552499315,0.025715703334028
Kebara X,neanderthal,1,2.299370297956819,-1.1703636459086446,-0.4790574825745379,-0.25907233325085777
Kebara X,neanderthal,1,2.557163435552686,-0.9634421941193057,-0.35492088492193535,0.23857369263494285
Kebara X,neanderthal,1,2.615054131051352,-0.7119859555786432,0.0018682384380096617,0.31642122399081857
Kebara X,neanderthal,1,1.5260482378623355,-1.0828685688120594,-0.0857915749168112,-0.5821453571627316
Kebara X,neanderthal,1,1.4149881796491557,-0.8848749530011925,0.00988939297664987,0.4423223208171194
Kebara X,neanderthal,1,2.215088637034276,-0.3058673031812041,-0.009829571325468453,0.4695739354857857
Kebara X,neanderthal,1,0.10487057455913795,-0.6016901053208609,-1.1084327218851098,0.689618953480617
Kebara X,neanderthal,1,0.708521081103245,-0.42465652477791893,-1.3046229160376992,-0.5789819490114507
Kebara X,neanderthal,1,2.197650036847742,-0.596070288173063,0.2350088198321577,0.1338725491587758
Kebara X,neanderthal,1,-0.12310228215956606,-1.3140731518606452,-0.5998951731137818,0.06124015136188075
Kebara X,neanderthal,1,-0.22945600499469712,-0.3326122916024357,-1.5320149874432625,0.08753667614292725
Kebara X,neanderthal,1,1.7457116645130837,-0.9334533943016803,0.13874725151125722,-0.16633485683665022
Kebara X,neanderthal,1,1.2319546608583645,-1.5392786953467064,0.07353695952434935,-0.10870658903212381
Kebara X,neanderthal,1,0.3748915908636792,-0.44261013203290417,-0.9459596279594021,0.04322576560903305
Kebara X,neanderthal,1,1.985119693456614,-0.8146320145043076,0.14574700726674755,0.3181308413405615
Kebara X,neanderthal,1,0.7509820452570939,-0.19438886631213229,0.2396737097106,-0.8345534115153703
Kebara X,neanderthal,1,1.6682535815371906,-1.050066026202969,-0.335116057528732,0.028575861556282504
Kebara X,neanderthal,1,2.2723985000790523,-0.8230191728450118,0.6400376914305834,-0.05311872797966884
Kebara X,neanderthal,1,0.9849085213859556,-0.5021077088598176,0.0053197346297135465,0.2814062836444042
Kebara X,neanderthal,1,2.1467027437390698,-0.6020370749786035,0.8468772794046298,-0.44612726214646975
Kebara X,neanderthal,1,1.5145209035811928,-1.4103270672764312,0.33713283060704236,0.14327147422967337
Kebara X,neanderthal,1,0.12822311226977795,0.1272445567254935,0.7878128791491993,-0.6521875942642843
Kebara X,neanderthal,1,1.9475318816973448,-1.188839493476951,0.8644826004302124,-0.7643680144809466
Kebara X,neanderthal,1,1.135256816002461,-1.2819594381146215,-0.004239369442403661,-0.14329584015813804
Kebara X,neanderthal,1,1.1257763338438904,-1.3649390229928047,-0.2933213899172102,-0.3405826925776205
Kebara X,neanderthal,1,-0.15800849547837478,-1.8169971770078452,-2.2524332265871263,-0.11619578266506686
Kebara X,neanderthal,1,0.5754050831964119,-0.7298913027246019,0.23474706506861726,0.30307405247902636
Kebara X,neanderthal,1,0.7050861443943802,-0.5091577634003099,-0.5297164626039481,0.3885640808671733
Kebara X,neanderthal,1,1.7841348994320334,-1.2623065342458002,0.6096929436884377,0.3278226796865474
Kebara X,neanderthal,1,0.33017575780491437,-2.112364168938942,-0.6648964886705098,-0.5190390900155366
Kebara X,neanderthal,1,-0.8062942530122873,-1.0209629061855159,-0.6481227572022348,0.3428373405588233
Kebara X,neanderthal,1,0.9974924006848359,-0.8603575977492856,-1.0695518294218507,0.5032560393329123
Kebara X,neanderthal,1,0.8606751837003265,-0.6196003211044939,0.024737475772867553,0.9909284346080562
Kebara X,neanderthal,1,1.4449712254205351,-0.6952705133381291,0.7520222855433835,-0.7027549993583111
Kebara X,neanderthal,1,2.4600146319021112,-1.391252962666824,0.7481872883005328,0.16237286245269353
Kebara X,neanderthal,1,2.2869739930732353,-1.4463353043878646,0.6315961005375643,0.3459716642664638
Kebara X,neanderthal,1,0.3190478444138915,-1.320127158915733,-0.5295191997267873,0.02969321484826371
Kebara X,neanderthal,1,0.26893227589355095,-1.3881577713540663,-0.4213029631972282,0.08357709353186382
Kebara X,neanderthal,1,0.139794673675091,-1.0197896107960618,0.4759931200048762,0.7938274597718977
Kebara X,neanderthal,1,1.778177681285414,-0.8961455222412334,1.3306750346590626,-0.07281775736358453
Kebara X,neanderthal,1,0.8988726473207506,-1.0173224917872508,0.8237247530796836,0.4855827073384056
Kebara X,neanderthal,1,-0.9453691087101631,-2.154348247528589,-2.236300588242146,-0.6900828298915275
Kebara X,neanderthal,1,0.37549972839793716,-1.52646620762532,-0.8631351666746242,-0.052082513080814234
Kebara X,neanderthal,1,-1.4610644383594749,-0.6822226424395181,-0.0725889552381767,-0.5972746493290226
Kebara X,neanderthal,1,1.0254680377481882,-1.4819931270147944,-0.1464825308751441,0.4342826926999611
Kebara X,neanderthal,1,0.7092478044175862,-0.9786773672321162,0.3231759396700395,0.040223562751347405
Kebara X,neanderthal,1,-1.1019508801659292,-1.4592109476290402,-2.441776571926429,1.121800001988457
Kebara X,neanderthal,1,0.9381347139415784,-1.6449543346687279,0.2944742353879271,0.10570207981819293
Kebara X,neanderthal,1,-1.478427050167025,-0.6379792826002175,0.48295994572765427,0.5151715009196864
Kebara X,neanderthal,1,0.10233148049232037,-0.8473586347687204,0.9554728211738674,-0.6084426238077999
Kebara X,neanderthal,1,1.0133108195891534,-1.2833181762602721,0.8741173645956161,0.7153057324393026
Kebara X,neanderthal,1,-0.250742977614574,-0.8522854412838821,-0.6082275561304376,-0.08351126891679389
Kebara X,neanderthal,1,0.5056076733108923,-1.6584619290794422,-0.2493423187565919,0.45395505305452527
Kebara X,neanderthal,1,0.46470191540739664,-1.7191824053230538,0.20376025164637473,-0.3107457125349748
Kebara X,neanderthal,1,0.3733435788918047,-1.432048080584886,0.8491541743453146,0.6339687767414794
Kebara X,neanderthal,1,0.1816790993019067,-1.8420404767803986,-0.5589741140960152,0.1670881351566204
Kebara X,neanderthal,1,0.37180037694239626,-1.778353336748293,0.9358028890854653,0.3244748683585422
Kebara X,neanderthal,1,0.6396830872015221,-1.3463659987369803,0.8396151431037178,0.5270745470948852
Kebara X,neanderthal,1,1.2720336662673142,-2.094332594565778,1.0975282721508877,0.15841506686911505
Kebara X,neanderthal,1,-0.18709242915561944,-0.449211738972267,1.0668120465656372,-0.837572977471877
Kebara X,neanderthal,1,-0.35310045427556946,-0.7663739007655425,-0.5606671750510416,2.0987320003093477
Kebara X,neanderthal,1,-1.0248127119864345,-2.581895841185504,-1.0398378096383327,-0.5852406612793093
Kebara X,neanderthal,1,-0.5419961447683042,-0.9862214170003153,0.7602684580912166,-0.23143544113231126
Kebara X,neanderthal,1,-0.08147085941024575,-2.1840176152114807,0.10245325285377603,0.23710006113831286
Kebara X,neanderthal,1,-1.0349497229447562,-2.598569326344431,-0.01721277902421545,-0.21949193549205054
Kebara X,neanderthal,1,-0.4053256206645609,-0.9729118542606575,0.9301804303406616,1.029878799228627
Kebara X,neanderthal,1,-1.7276054558533156,-0.9803298803094963,-0.5810149840612885,0.28341150829298223
Kebara X,neanderthal,1,-0.13136030186191877,-2.035703751447219,0.3279702452015816,0.05638469154065898
Kebara X,neanderthal,1,-0.40170592053377646,-1.9968281987835579,0.664072163708138,0.2930282326070636
Kebara X,neanderthal,1,-1.2178262600986771,-1.9200450022538271,0.24597899529692083,0.5954658530806127
Kebara X,neanderthal,1,-1.1568781185495685,-1.4989204475531224,0.873824136294933,0.48438292282631557
Kebara X,neanderthal,1,-1.4578210778484153,-2.0145082005261057,0.5614856602808194,-0.021013632041006283
Kebara X,neanderthal,1,-0.7977666903924087,-1.9871141207551515,1.2924842291811787,0.4555347615780286
Kebara X,neanderthal,1,-1.3454363015781305,-1.3826753626039534,0.1730418677747727,0.9236712188374903
Kebara X,neanderthal,1,-1.5939931046021065,-1.7542863992663642,-0.058950662823594964,-1.0919862267767924
Kebara X,neanderthal,1,-0.6118523631276819,-1.9797539571529041,1.3612506186712465,0.38012622764388454
Kebara X,neanderthal,1,-1.4374492719038647,-1.972212791651969,0.9904134505019992,-0.17443703120494713
Kebara X,neanderthal,1,-2.0832739765042922,-2.9429318114608614,-1.2903017466735625,0.1908539552870571
Kebara X,neanderthal,1,-1.6434638655501064,-2.014978124601335,0.9010241792440324,1.156131866590517
Kebara X,neanderthal,1,-3.7642763924481972,-2.9954815705521582,-0.5462564555553796,-0.0613353148695587
Kebara X,neanderthal,1,-3.9541518627426773,-2.2100177752463828,1.2227869416291057,1.3100559714076776
Ksar Akil 28A,neanderthal,1,1.635824758714751,0.942217201892421,-1.957192518290431,-0.16833189173404622
Ksar Akil 28A,neanderthal,1,-0.40954408445816537,0.052631953829881166,-2.700592827407761,-0.1774300329648709
Ksar Akil 28A,neanderthal,1,1.8601926687833288,-0.22154392639362383,0.17589016060737453,0.07239033145152309
Ksar Akil 28A,neanderthal,1,-1.7255871549121464,0.992370039459617,-1.3634966979080139,-2.16639504240682
Ksar Akil 28A,neanderthal,1,1.0538034131757916,0.1406047855348727,-0.7697953245102013,-0.10661090307893976
Ksar Akil 28A,neanderthal,1,2.75697065451355,-0.3611758770945916,0.1716260200839241,0.3414789639705566
Ksar Akil 28A,neanderthal,1,-0.48603970910538086,0.49653769562707467,-1.4683253790144726,-0.814082308355965
Ksar Akil 28A,neanderthal,1,2.544265590995154,-0.6205019914782819,0.3191549281750131,0.09660921595209722
Ksar Akil 28A,neanderthal,1,2.7520449786486143,-0.9142496462697892,-0.4252100839787286,-0.14967618607881533
Ksar Akil 28A,neanderthal,1,0.7941351352120636,-0.011649297903525795,-1.0504654044416344,-0.7335086932593875
Ksar Akil 28A,neanderthal,1,0.2151313693248546,0.06672492410047286,-1.7812625571980982,-0.867384470388405
Ksar Akil 28A,neanderthal,1,2.0450046096646446,-0.6272351881452922,-0.2751067186704366,-0.678635729950556
Ksar Akil 28A,neanderthal,1,0.5946534602416849,-0.5210151938449907,-0.1366589966465177,-0.45138404654532654
Ksar Akil 28A,neanderthal,1,1.5386611800421177,-0.782508901082575,-0.13272789499684745,0.40502774253465634
Ksar Akil 28A,neanderthal,1,-1.7187466745249853,-0.5062526714220688,-1.2423340484536072,0.4296730885320413
Ksar Akil 28A,neanderthal,1,0.5336130325315878,-0.4435614598703718,-0.017418558036356363,0.3108937026059303
Ksar Akil 28A,neanderthal,1,0.23272775357717548,0.23989968059330533,-0.8551577639609558,-0.8579267647277515
Ksar Akil 28A,neanderthal,1,0.07175816336107206,-0.20003618833779888,-0.5279041429549537,0.3144498156302446
Ksar Akil 28A,neanderthal,1,0.7187755946922797,-0.21209548685160906,-0.6911708233044089,0.6944772334378875
Ksar Akil 28A,neanderthal,1,1.3459516882142932,-0.7000174706754476,-0.6088976873863787,-0.07772896977537408
Ksar Akil 28A,neanderthal,1,-3.4818933321689536,1.4324050965237771,-1.3699651198364953,-0.8430052032476906
Ksar Akil 28A,neanderthal,1,0.8259002259154798,-0.9520321363419131,-0.049772409205850965,-0.21216838403246754
Ksar Akil 28A,neanderthal,1,0.3684695387902189,0.7457664038475762,-0.18850854478234816,1.0729988565405952
Ksar Akil 28A,neanderthal,1,0.14045013954091862,-0.15076496098904343,-1.02917817559088,0.16949555787540427
Ksar Akil 28A,neanderthal,1,0.7531807226195528,-0.9002162960410107,0.15050450474845797,-0.06969034470014973
Ksar Akil 28A,neanderthal,1,0.9068237486794175,-0.6607708086011114,0.18589429361387713,0.29848134580980695
Ksar Akil 28A,neanderthal,1,0.9847151804403683,-1.1786845336210052,-0.16132793841690302,-0.19033110248301802
Ksar Akil 28A,neanderthal,1,-1.983445781006992,1.845781449440158,-2.9176479629575485,-0.11368230895353926
Ksar Akil 28A,neanderthal,1,-0.39008232985745045,-0.03608863324545087,-0.2305670355004659,-1.067855982976032
Ksar Akil 28A,neanderthal,1,1.3473990633194575,-0.8926516382758898,0.2862520030200172,0.29982252121111674
Ksar Akil 28A,neanderthal,1,-0.39116404983552067,-0.7318358679816601,-0.4223248017008595,-0.265042401530333
Ksar Akil 28A,neanderthal,1,0.2560118448250777,-1.2826683423424001,-0.18129728565000475,-0.08005574610449641
Ksar Akil 28A,neanderthal,1,-0.1133422748585312,-0.6356351871853695,-1.1969656263376853,1.1431769005841625
Ksar Akil 28A,neanderthal,1,1.3499431613277073,-2.3153462628578514,-0.24183128947959523,-1.1018542481316564
Ksar Akil 28A,neanderthal,1,0.06452316086426767,-1.3117340720615267,-0.678782096458126,0.1471531066672592
Ksar Akil 28A,neanderthal,1,-0.28796604281722915,-0.11678353412792657,-0.7191254130282091,-0.8645762040446785
Ksar Akil 28A,neanderthal,1,0.2943081077976141,-1.4624542558046643,-0.40792298854962045,0.17449862461872123
Ksar Akil 28A,neanderthal,1,1.003059027646995,-1.2153394118352592,0.11475923713639358,-0.11040809541175335
Ksar Akil 28A,neanderthal,1,0.9450926347480236,-0.8973663971949225,-0.38470570708480456,0.6683238684595496
Ksar Akil 28A,neanderthal,1,-1.3799862840349826,-1.0247806114939841,-1.1543206335953378,0.38929300250217047
Ksar Akil 28A,neanderthal,1,0.4600331879556645,-1.0783205722895965,-0.033121066695934696,-0.10939127952036222
Ksar Akil 28A,neanderthal,1,0.22230757409621804,-1.1142560491757023,0.17024411309285278,0.3757984148010031
Ksar Akil 28A,neanderthal,1,-1.7558461536734928,-1.2293428615176336,0.11296526933745475,0.08276349285208069
Ksar Akil 28A,neanderthal,1,-0.6427992571409477,-1.1471404131718634,-0.14725951272674528,0.3273712058170684
Ksar Akil 28A,neanderthal,1,-1.0659526605594243,-0.13622031650425714,-0.6527423494697384,-0.28105914003837174
Ksar Akil 28A,neanderthal,1,0.0670958903982695,-1.027500221316065,-0.43450437829039096,0.5021896324122496
Ksar Akil 28A,neanderthal,1,-1.378375365646984,-0.4699770480915991,-0.8248686892142434,1.0274987553508117
Ksar Akil 28A,neanderthal,1,1.9401397503831512,-1.410013957720956,0.32645981677203956,0.3444750909305837
Ksar Akil 28A,neanderthal,1,-0.42027662479798933,-1.4648823129642992,0.19864046237443092,0.15574750717450006
Ksar Akil 28A,neanderthal,1,-4.222780059473577,0.24680767618020844,0.0868486959772774,-0.9320594997962244
Ksar Akil 28A,neanderthal,1,-1.311394888203295,-0.11642250427755241,0.8725390064741254,-1.2621361013672174
Ksar Akil 28A,neanderthal,1,-0.5380779868216848,-1.2354930576188816,0.20372919433431455,0.44420400491209616
Ksar Akil 28A,neanderthal,1,0.39071037620668025,-1.3377298839724943,1.0945138933744523,0.45122378597212787
Ksar Akil 28A,neanderthal,1,-0.5993373334139327,-0.6915207646677827,0.41613336107386106,0.6447842613520339
Ksar Akil 28A,neanderthal,1,0.03035045988313012,-1.156521927750584,0.31814190197877223,0.6332390532973623
Ksar Akil 28A,neanderthal,1,-0.5982167502479182,-0.25203337746045235,-0.6161507784071485,0.49617697685806045
Ksar Akil 28A,neanderthal,1,-0.5011992775450683,-1.6609887651715152,-1.3783267733989637,0.5529203979821206
Ksar Akil 28A,neanderthal,1,-0.6738505851655989,-0.975788340350711,-0.25340562048340504,-0.45651988725794485
Ksar Akil 28A,neanderthal,1,-1.0975163453403716,-1.3807073452679197,-1.501764568369622,0.47318850124639417
Ksar Akil 28A,neanderthal,1,-1.0462364041155876,-0.9005709020790224,1.393224366048474,0.05917554191663988
Ksar Akil 28A,neanderthal,1,0.41186711255351527,-2.468920642504636,-0.5716186415919283,-0.3753552050568294
Ksar Akil 28A,neanderthal,1,-1.9078041413638147,-0.04583994667777336,-0.6165382705456087,0.2453793436067673
Ksar Akil 28A,neanderthal,1,-0.4368493317178408,-1.2592709452084292,-0.06862401888835612,-0.09047716137884634
Ksar Akil 28A,neanderthal,1,-1.9457169232122722,-0.1097570031640053,0.4983787619769204,-1.852001316388333
Ksar Akil 28A,neanderthal,1,-3.021680814880723,-0.6595206261754905,-0.47648556078918314,-0.43890980618161934
Ksar Akil 28A,neanderthal,1,-2.7992088581291763,0.8732527914160638,0.48943876102518513,-1.9036534738167772
Ksar Akil 28A,neanderthal,1,-0.13054899682180876,-1.2255826992408696,-0.12683363246559717,1.1903348131708718
Ksar Akil 28A,neanderthal,1,-2.52755347844124,-0.1523555907275105,0.932773739515015,1.3739959170167162
Ksar Akil 28A,neanderthal,1,-1.6333045353530091,-1.7871170548483515,-0.5593641257010339,-0.6078682866137252
Ksar Akil 28A,neanderthal,1,-1.3188601632993797,-0.5123453529956686,0.15053980859136337,-0.3830687143551935
Ksar Akil 28A,neanderthal,1,-2.5376588255467145,-1.92990888369615,-1.0371165858493598,0.08677621896695932
Ksar Akil 28A,neanderthal,1,-2.124467128876678,-0.711820220984196,1.0107380551557597,-1.1349985535830847
Ksar Akil 28A,neanderthal,1,-1.2887724309892477,-1.4656934852477772,0.1007672642029582,0.6637283520603466
Ksar Akil 28A,neanderthal,1,-2.389285330837886,-2.1990757693995406,-1.7842937094734184,-0.26121943673673204
Ksar Akil 28A,neanderthal,1,-1.5453739927576773,-0.878191419078729,0.5844823561986792,-1.553606129234052
Ksar Akil 28A,neanderthal,1,-0.5477928636881617,-1.9138271858555622,0.6656161676286991,0.007510397000999734
Ksar Akil 28A,neanderthal,1,-1.334508281312131,-1.9683835719349028,0.6497272157688373,0.3565399800954247
Ksar Akil 28A,neanderthal,1,-3.3768172222410717,-0.005874446684101435,-0.5164169286476165,-0.805259952677177
Ksar Akil 28A,neanderthal,1,-1.8902528355016195,-0.4555121295673867,1.0529563184336794,1.2045624609111232
Ksar Akil 28A,neanderthal,1,-4.020958540579863,-0.9968480301459056,1.0881880274555127,-1.0412335567315305
Ksar Akil 28A,neanderthal,1,-4.813916008759132,-0.054283905834098777,0.7323374198216817,-1.5351480568628728
Ksar Akil 28A,neanderthal,1,-3.133438485343247,-1.4695570490539587,-0.4630009160339611,0.5307856284673519
Ksar Akil 28A,neanderthal,1,-3.879146139372465,-2.7059550555164917,-0.3985774748081603,0.1758807525898579
Ksar Akil 28A,neanderthal,1,-1.861352085019661,-2.1452936068233193,-0.1819925709612034,0.8298741897270068
Ksar Akil 28A,neanderthal,1,-2.0595543744634894,-2.5794291422828666,0.20857603531742855,0.2828868660796292
Ksar Akil 28A,neanderthal,1,-2.1115778598439947,-2.212770410411265,-0.09616775447141884,0.46622466448705685
Ksar Akil 28A,neanderthal,1,-4.091299678548104,-2.0063050801190707,-0.24888834136753654,0.9242616885924473
Ksar Akil 28A,neanderthal,1,-2.6144556638341934,-2.0641828347309383,0.049950887408768456,0.9151287602652057
Ksar Akil 28A,neanderthal,1,-2.6565833341818945,-2.497250419792701,1.4077950694460883,0.928878185382629
MDF-61,sapiens,0,-0.606472749597785,1.558048341827618,-1.1410467094051513,-1.123521741410165
MDF-61,sapiens,0,-0.6566250150602634,1.4091093132856531,-0.46863902791317696,-0.5016485175198128
MDF-61,sapiens,0,-0.07581443763701808,0.7961693469072533,-2.0104890990724753,-0.4302985341331175
MDF-61,sapiens,0,0.8920740979778724,0.9782912050502366,-0.20121316333377529,-1.1089231909654034
MDF-61,sapiens,0,-3.2199978733762764,0.9052502881316108,-0.5400276883849849,-1.1631617348042538
MDF-61,sapiens,0,-0.5861318337197328,1.0357864883709598,-0.31383491256601076,-0.8729971467450258
MDF-61,sapiens,0,-0.3619775761146071,1.2529933629793875,-0.6982019758653843,-0.6717922140746125
MDF-61,sapiens,0,-0.30509748325765823,1.0649939197723841,0.37121718196334225,-1.6013450307753725
MDF-61,sapiens,0,-0.9425626314292874,1.7151529597833681,-1.0746924353684886,0.00976009889450481
MDF-61,sapiens,0,0.47013198375713666,1.4560015639974428,0.5907524612644334,-0.8274790796843304
MDF-61,sapiens,0,-1.324658011320797,2.88690240112551,-0.3139295684067051,-0.9106832317908847
MDF-61,sapiens,0,-0.6018478273191811,1.29270820004768,-0.024926212438262832,-1.548603712740189
MDF-61,sapiens,0,-0.7103169611733324,-0.17662549281173462,-2.071057375857475,-0.0558158004874205
MDF-61,sapiens,0,-1.3554310944926873,1.5188827371961457,-0.40748240311668416,-0.7433919438430717
MDF-61,sapiens,0,-1.4938089859739418,1.7937314798075672,-1.109995184740463,-0.0699077107016644
MDF-61,sapiens,0,-1.5695924750273675,0.3323842041554072,-0.5228607489478372,-0.8633511973653173
MDF-61,sapiens,0,-0.5307478929365999,0.3466762247975585,-0.3535724720204479,-0.25985742517067567
MDF-61,sapiens,0,-0.3755132457914958,1.0728533592812293,-0.06997664254756368,-0.6595967619033668
MDF-61,sapiens,0,-0.4125838278944215,1.033396367179328,0.11474752622187401,-1.2347160948264086
MDF-61,sapiens,0,-1.7503369153406894,2.069501366248903,-0.179685424905698,-1.020415686003448
MDF-61,sapiens,0,-0.26858499784679024,0.7559274180566841,0.40367638436964454,-1.1245550775578943
MDF-61,sapiens,0,-3.6243828797432758,1.325173445444345,-1.8250323475586396,-1.159706944837934
MDF-61,sapiens,0,-0.8515048257230262,0.9025525542169491,0.4994531885113144,-1.0625134172022297
MDF-61,sapiens,0,0.6577895688743176,0.18872642638412093,1.817122750170568,-1.0299515018251508
MDF-61,sapiens,0,-1.4283798396039507,1.6481765874511887,-0.5584024004322418,-1.3937585863169302
MDF-61,sapiens,0,-0.5890836659236,1.1936258302184681,0.5560762543371233,-0.7544449838843631
MDF-61,sapiens,0,-2.2638035681633615,1.4167464301864336,-0.47385453426533025,-2.4256355263578913
MDF-61,sapiens,0,-1.7243342780311934,1.5756746977447176,-0.8316747229176987,-0.4783608534447564
MDF-61,sapiens,0,0.953331602542266,0.460977113265709,1.2241898535393847,0.13748545464778386
MDF-61,sapiens,0,-0.2715899122822557,-0.20094964362284123,-0.7255640335943134,0.04648941065485415
MDF-61,sapiens,0,-0.8949932197579121,-0.14515755256136786,-1.1102206344395433,0.7691462391884764
MDF-61,sapiens,0,-1.6208642900243002,2.284102228380684,-0.11041032319408131,0.5724586750998254
MDF-61,sapiens,0,-1.5747723539684277,1.8180866685691297,-1.3002962606929842,0.8489572795127787
MDF-61,sapiens,0,-2.1065364579163965,0.04453140923068238,-0.061171699978705946,-2.3449986968143337
MDF-61,sapiens,0,-0.0014211576186301527,0.03490681879753978,-0.506148134353503,-0.4429845773578557
MDF-61,sapiens,0,-0.8620393211763575,0.7665161512985287,0.16655091895444613,-0.4455983714928923
MDF-61,sapiens,0,-0.9071616902994784,0.08575089425628796,-0.10202568348527376,-0.7465267579770363
MDF-61,sapiens,0,-2.1424857603211334,0.945940204344974,-0.42771820064169636,0.6729624434888498
MDF-61,sapiens,0,-1.4170133459755814,0.37254786497250214,-0.2871223070907614,-1.1004809923694845
MDF-61,sapiens,0,-0.2534928686854675,0.4343448742946152,0.28939264552595917,-0.644950556113073
MDF-61,sapiens,0,-2.0046851789113465,0.17720003654101876,-0.41198568035627436,-1.101850061781915
MDF-61,sapiens,0,-0.6591933241738476,0.40109658803186055,0.12989280269804537,-0.8258031647350863
MDF-61,sapiens,0,-0.675942719506583,1.3763443354067255,1.0863436951806849,-1.1755351124005644
MDF-61,sapiens,0,-2.688270753174515,0.9968045029063188,-0.6816314462267817,-1.6409704787852994
MDF-61,sapiens,0,-4.545614383123354,2.0583953375008592,-1.4690938514326741,-0.27637059679441367
MDF-61,sapiens,0,-3.5388472191258806,1.5863051861039033,-0.3301796111060556,-1.9648360173244983
MDF-61,sapiens,0,-2.1324393505229864,1.3778562533032925,0.13128797058725178,-1.3837574421840464
MDF-61,sapiens,0,-2.2843513546171534,0.5932830001017376,-0.11957995089174484,-1.737887529188958
MDF-61,sapiens,0,-1.7138623907330413,-0.916774686125508,0.4239396347071752,0.1423621374720023
MDF-61,sapiens,0,-2.726482453336728,0.6689727890701244,-0.24714069789718887,-0.901052768550366
MDF-61,sapiens,0,-1.7807080180666537,0.9748562701450112,-0.24362692969170835,0.5684351297598085
MDF-61,sapiens,0,-1.7152224003781886,-0.959031027458849,-0.42922402086364014,0.5937710025920827
MDF-61,sapiens,0,-2.79855738598345,1.2859640032920128,-0.1382459479989182,-1.0627523939025398
MDF-61,sapiens,0,-1.8833154413898803,0.49164899580099936,-0.6037879223417474,-0.5556893231887291
MDF-61,sapiens,0,-2.922068421602055,2.2101810239798945,0.6235310535014907,-1.9315540544749936
MDF-61,sapiens,0,-2.5244240129333275,1.1078750769231094,-0.2711791107260216,-0.4929993994507762
MDF-61,sapiens,0,-4.350220663823524,0.1580477622453909,-1.0113370370271024,-1.8331645674657324
MDF-61,sapiens,0,-1.375250040246815,-0.6494665434772781,-0.14468843506959464,-0.21365186872695818
MDF-61,sapiens,0,-3.326397849304829,1.5208743565713503,0.6480782466144273,-0.7186048185275228
MDF-61,sapiens,0,-1.8818883964323887,0.3066391383637433,0.09865644643093474,-0.602351912134902
MDF-61,sapiens,0,-0.4231561247821452,-0.5973154195162932,0.5789854498328214,1.0507502815087553
MDF-61,sapiens,0,-1.905524950404437,-0.385007522953558,0.19328041170953772,-1.2584037586481192
MDF-61,sapiens,0,-3.3275860850352075,0.34292074997724714,0.6068318274211414,-1.0925041307842553
MDF-61,sapiens,0,-3.045920544192665,-0.3256627339653652,0.015656601622789142,0.11916749360631197
MDF-61,sapiens,0,-2.0412261587656912,0.8654066253113548,1.1598319498878313,-0.7135099326148193
MDF-61,sapiens,0,-2.7793512357566468,1.1716385643990568,0.715641102196171,-0.7876966141823755
MDF-61,sapiens,0,-4.294338662872851,0.6126525954008203,1.2394403698391159,-1.9296906863727397
MDF-61,sapiens,0,-3.6950795636101805,0.9455586428183987,0.6010440273777868,-1.2172072295827265
MDF-61,sapiens,0,-2.5124350400075848,-0.189173094269523,-0.7248191339763412,-0.06095189619787947
MDF-61,sapiens,0,-4.0663358554309506,0.8894277376737006,-0.7692331570190922,-0.32571386152433496
MDF-61,sapiens,0,-2.5480151754115017,-0.19779133608725963,0.28259118917676873,-1.8387793285338556
MDF-61,sapiens,0,-3.866641854545761,1.115431525638945,0.5917858856801803,-0.4847565155085805
MDF-61,sapiens,0,-5.444206190213529,0.6763438704502757,-0.4473820506210335,-0.47638783619306696
MDF-61,sapiens,0,-3.0664989165211756,0.5250779813066145,0.03671943715529291,-1.482867272458845
MDF-61,sapiens,0,-2.701989858644775,-0.06792455243468898,0.6975191582361563,-0.1793547926199814
MDF-61,sapiens,0,-4.913110556159185,1.071746439291911,1.378243654351879,-1.2899179719422174
MDF-61,sapiens,0,-4.840019447224544,0.4516413886328795,0.6436167067710015,-0.969004051290541
MDF-61,sapiens,0,-5.000216661882981,1.7366939502737992,0.6229447346611177,-0.8107895646677269
MDF-61,sapiens,0,-4.631990026403162,0.4350242920701244,0.47010335309986434,-1.8066294938111787
Qafzeh XIX,sapiens,0,2.896523559298676,0.0876892543102509,-0.22081617373863194,-0.9936245056423568
Qafzeh XIX,sapiens,0,1.7391407832821044,1.9633246961049071,-0.35703314761266386,-0.5303165543418712
Qafzeh XIX,sapiens,0,3.38630317666629,0.6957097101106945,-0.46019214567107036,-0.15672729341047772
Qafzeh XIX,sapiens,0,2.4754447171241427,1.8427934221800222,-1.5158193984865753,0.9257874303834471
Qafzeh XIX,sapiens,0,2.10626692266003,-0.16423549286257105,-1.1787934196579404,-0.5439112080434625
Qafzeh XIX,sapiens,0,3.9691838086741873,0.44280718651372225,0.08421577600076607,-0.45435310318861544
Qafzeh XIX,sapiens,0,2.9427327539596297,1.0572297889678146,-0.41201362453490625,-0.350637001908144
Qafzeh XIX,sapiens,0,3.460317623020646,0.7432670510445946,0.1493804268821721,-0.829371985182639
Qafzeh XIX,sapiens,0,2.204858347250854,0.26657819408503697,-0.16731099986938333,-1.0589239581148084
Qafzeh XIX,sapiens,0,1.4386311971802601,1.2888157456435767,-0.6959693136521757,1.0406155139342406
Qafzeh XIX,sapiens,0,2.608087858502925,0.11887075415703242,-0.9092999536309704,-0.09548082894355207
Qafzeh XIX,sapiens,0,3.7018984736788627,0.38853415769577176,0.19953622997366005,-0.34624955657650713
Qafzeh XIX,sapiens,0,2.85553207569003,1.2131357661998101,0.24590774739261845,0.44662512102882834
Qafzeh XIX,sapiens,0,2.5117139957298225,0.4566261044952564,0.5389280822844346,-0.8700728338461242
Qafzeh XIX,sapiens,0,0.6526546479172289,0.40543459100764206,-0.5213808139707836,-1.1461418778331536
Qafzeh XIX,sapiens,0,2.254187340616825,0.04840268934148624,-0.3992890163804148,-0.5682974800945277
Qafzeh XIX,sapiens,0,2.4038964170529984,1.0132661801200087,0.38925676699188466,0.11495240436183161
Qafzeh XIX,sapiens,0,2.844618510796871,0.2217412161071144,0.048736898969276854,0.13596810436166074
Qafzeh XIX,sapiens,0,2.5631338596829236,0.23359769426149168,0.46618849284154384,-0.9602918359906564
Qafzeh XIX,sapiens,0,1.4360301389425423,0.42839753245434525,-1.4969134406615745,0.09489054270116642
Qafzeh XIX,sapiens,0,2.787063136485322,-0.319123086621552,0.35026410582003326,-0.0723365778249213
Qafzeh XIX,sapiens,0,2.184691092332599,0.13339385525844547,0.022150044867330253,0.002602639486043751
Qafzeh XIX,sapiens,0,2.3300588124900528,0.265539853749681,0.49671677316736773,-0.19794055325222443
Qafzeh XIX,sapiens,0,2.510653493588119,0.6776649037535278,0.2769482347202625,0.404560177425806
Qafzeh XIX,sapiens,0,2.351117472460833,0.4374243864306258,0.13754972348617311,-0.2540866671064864
Qafzeh XIX,sapiens,0,0.27466790913632344,1.0141118997511906,-0.210493433474006,-0.081711465145673
Qafzeh XIX,sapiens,0,1.43894046334421,-0.22103334125370525,-0.9856220233924505,-0.14091888140397765
Qafzeh XIX,sapiens,0,2.138928680314119,0.1769175477937989,0.390330683141938,-0.7306030272730135
Qafzeh XIX,sapiens,0,0.34670637228930645,-0.0810691099359969,-0.6820669143353406,-1.122903691290461
Qafzeh XIX,sapiens,0,0.5200773547314148,-0.26252518963826715,-1.9187246686060937,-0.6550214997746417
Qafzeh XIX,sapiens,0,-0.9880200848269441,1.026676037898838,-1.3606454025506216,-0.7693014258494453
Qafzeh XIX,sapiens,0,2.548891703525684,0.15543435943804962,1.2842382418653249,-0.439894010304908
Qafzeh XIX,sapiens,0,1.716615753276283,0.04801853590179588,0.6987324722540692,-0.23605432663371526
Qafzeh XIX,sapiens,0,1.5446807437027688,0.045994221423595515,-0.6571204105400351,-0.09526349608170713
Qafzeh XIX,sapiens,0,-0.5276096600989987,0.37048000438258555,-1.6519250956509544,0.37047606062852856
Qafzeh XIX,sapiens,0,0.8569848776375936,-0.08902965609670324,0.46998499724503195,-1.1258421796886648
Qafzeh XIX,sapiens,0,2.2028449402680463,0.2648296458367471,0.32589933876097793,0.6009919165821935
Qafzeh XIX,sapiens,0,1.8281725575435555,-0.22195212777818824,-0.32359559228818086,-0.07288209425337946
Qafzeh XIX,sapiens,0,1.8507532779103908,0.17828861111302988,0.16598952355135754,-0.15175502232414512
Qafzeh XIX,sapiens,0,0.36675862222710576,0.5324434508230402,-0.16295841774520228,-0.1069916176989321
Qafzeh XIX,sapiens,0,-2.0816273655598736,-0.7843589698629057,-0.9677639927319467,-1.128722213925716
Qafzeh XIX,sapiens,0,0.47604416371838365,-0.5431878356897056,0.4842248987305245,0.07117446011154382
Qafzeh XIX,sapiens,0,1.3966504669902833,0.6809573619273487,1.3159432972281009,-0.6580685374362538
Qafzeh XIX,sapiens,0,1.8527837591026828,0.9177543566885081,1.1237436128027727,0.8356555188320224
Qafzeh XIX,sapiens,0,0.3917350644211367,0.5635308340999959,0.15977547071620135,-0.5331414282246971
Qafzeh XIX,sapiens,0,0.3473596240405604,-1.0333278907801284,-0.7813349449739974,-0.9373505494978825
Qafzeh XIX,sapiens,0,0.4598172036494789,1.3373973966580064,0.3201298566572113,0.40514212968644303
Qafzeh XIX,sapiens,0,1.471201547653699,-0.4144107779744661,1.157786257293168,-0.28858684860265027
Qafzeh XIX,sapiens,0,2.3243692551205073,-0.5069773835164286,1.4508613921661873,-0.2231539144694436
Qafzeh XIX,sapiens,0,0.9947725545239375,-0.023077396286676443,0.5188237294809583,-0.2926883569246409
Qafzeh XIX,sapiens,0,-0.11506799622863409,-0.17954112657210355,-0.4735835793893229,0.3637395822300691
Qafzeh XIX,sapiens,0,0.03455323561702419,-0.6781339520157675,-1.2880039818888238,-0.22191413973444615
Qafzeh XIX,sapiens,0,0.7862856621225045,0.023254335927853115,1.0498713296332234,-0.7044215752499632
Qafzeh XIX,sapiens,0,0.39572506248558936,0.4482913238592081,1.0715817566857022,0.6686552167597063
Qafzeh XIX,sapiens,0,-2.533926010932225,-0.47081891019423056,-0.4182378940484551,-0.016350302148067503
Qafzeh XIX,sapiens,0,-0.44472325910782773,0.400772836986403,0.14382075447304277,1.3968990696548262
Qafzeh XIX,sapiens,0,-3.3273164326223976,1.0938053678384378,-2.4034026297174194,1.214810340308294
Qafzeh XIX,sapiens,0,0.9174880052634746,-0.21357994854624376,0.9256528497463604,0.4844089117919089
Qafzeh XIX,sapiens,0,-0.41895596379585864,0.18459900020780623,0.32823349815418484,1.0159005498854703
Qafzeh XIX,sapiens,0,-1.5999958413800779,0.46626785129394316,-0.1736426212665377,0.6197829553841916
Qafzeh XIX,sapiens,0,-0.3051466340433621,-1.0645204538042448,0.0946510230245349,-0.8331434813244595
Qafzeh XIX,sapiens,0,-1.0831761313676045,-0.05548052845854151,2.0570709559671188,-1.0506209777685793
Qafzeh XIX,sapiens,0,-1.9185107927207279,-0.3302019012163267,0.48612494578233373,1.3302969549531334
Qafzeh XIX,sapiens,0,-0.856816982081831,-0.3933645980041707,2.2583017649240698,-0.9304268210098048
Qafzeh XIX,sapiens,0,-2.9402028050092515,0.29396212624302537,0.8338316653593528,-1.529024011471481
Qafzeh XIX,sapiens,0,-1.2230926295084597,-0.9352269349287812,-0.03483216158192241,0.3344613187690677
Qafzeh XIX,sapiens,0,-2.130829279214242,-1.1001005075084311,1.0170861991594773,-0.6361617012422841
Tor Faraj,neanderthal,1,3.4397331341361355,0.8362274972001775,-0.641143409853849,-0.9077732601787714
Tor Faraj,neanderthal,1,4.00805992014331,-0.38822260821645316,-0.4947467952904807,-0.3370919147133731
Tor Faraj,neanderthal,1,4.091427475724289,-0.2354617646893533,0.22497310424949252,-0.24487721835536036
Tor Faraj,neanderthal,1,3.6547388438108164,-0.34663208211815816,-1.2065954460714985,-0.5107549574031942
Tor Faraj,neanderthal,1,1.3607403740519595,0.5143179873376023,-2.5443564989254663,-1.348721929734214
Tor Faraj,neanderthal,1,2.289321226084706,-0.9390050233870159,-0.4913739736224296,-0.25598278954467973
Tor Faraj,neanderthal,1,1.6925009682084473,-1.2636692459318293,-1.2931093813731915,-0.5189771784732352
Tor Faraj,neanderthal,1,1.1304636219355473,-1.467510880176596,-0.942915524100506,-0.5548999828475253
Tor Faraj,neanderthal,1,1.9165974433916368,0.2636521880436578,-0.08822609455921002,-0.37819078554595514
Tor Faraj,neanderthal,1,1.677051389049492,-0.6320653164185306,-0.19938137815306717,0.11399816495632613
Tor Faraj,neanderthal,1,2.8074988670291665,-0.3803506810153145,0.4266975495311924,-0.02840423153156645
Tor Faraj,neanderthal,1,2.2393083453528706,-0.8125263555681083,-1.4589241106336768,-0.8394313604795199
Tor Faraj,neanderthal,1,1.3905746061495456,1.0762829607187703,0.9370727153484735,-1.0826422960660664
Tor Faraj,neanderthal,1,3.0806143184307633,-0.32929708769754296,0.8069989242731453,-0.1175690789107642
Tor Faraj,neanderthal,1,2.1731038233610196,0.003498214167320326,-1.1883043906312882,0.4404397520871463
Tor Faraj,neanderthal,1,3.507658870954997,-0.4042887950777882,0.1946416867232986,0.4349300473090825
Tor Faraj,neanderthal,1,3.7870619045391147,-0.4634720101761579,0.6124270753581535,-0.05943406830039784
Tor Faraj,neanderthal,1,2.273240479607066,0.41453721549990125,0.23166371507144498,0.6132146685574857
Tor Faraj,neanderthal,1,3.194773484297967,-0.543360426027899,0.16594151304069613,-0.368467320279609
Tor Faraj,neanderthal,1,2.4346589297628483,-0.7387577512136153,-0.493635279437335,0.16328469159473108
Tor Faraj,neanderthal,1,1.2440725498583043,0.06301308382405107,-0.5818665462431295,0.6528659263707418
Tor Faraj,neanderthal,1,0.887657988389148,0.07060603511809772,-0.2755404630907202,-0.9407990933882778
Tor Faraj,neanderthal,1,0.6695418478469728,-0.7174126218898276,-0.7986714965729861,-0.6062281712064754
Tor Faraj,neanderthal,1,1.319985008615606,-0.06378599156493527,0.6054619641742441,-0.6822487567443346
Tor Faraj,neanderthal,1,2.655190379249217,-0.7851131206012129,0.2684805094296927,-0.05560547968876361
Tor Faraj,neanderthal,1,3.1298344506702565,-0.21209586058529242,0.5758564118313422,-0.43737938990820074
Tor Faraj,neanderthal,1,1.8965896243116411,-0.810658211923409,-0.26219023859236523,-0.42580297432911945
Tor Faraj,neanderthal,1,-0.04258556040549995,0.05163907291621486,-0.19589581564203035,-0.6296900931700059
Tor Faraj,neanderthal,1,1.153591656481567,-0.20365547339967655,-0.8623823386386678,-0.2110986366383996
Tor Faraj,neanderthal,1,1.3777448021416496,-1.3731170415637213,-0.9810187535750167,-0.2503417071169912
Tor Faraj,neanderthal,1,1.3378056663924018,-0.9161495300289619,-0.5575319159173654,-0.49463756178045726
Tor Faraj,neanderthal,1,1.3832706712315666,0.4660194228273327,-0.2695316869822238,0.6818746197199399
Tor Faraj,neanderthal,1,0.7025895029981191,1.1136607523113227,0.7457507172300297,-1.049930320209511
Tor Faraj,neanderthal,1,0.5722032369275153,-0.4137309592229061,-1.3129882181711237,-0.047234320037634246
Tor Faraj,neanderthal,1,0.3514374152809168,-1.437238078670182,-1.5023422691849337,-0.713948270712398
Tor Faraj,neanderthal,1,1.4569471516819363,-1.1220777108240911,-0.4978628405484477,0.08538459160993067
Tor Faraj,neanderthal,1,3.0452644833748703,-0.9287491423963595,0.6162362249976556,0.04725025542155977
Tor Faraj,neanderthal,1,0.8027545438390701,-0.8072008860017265,-0.41243636460248634,-1.124040920183811
Tor Faraj,neanderthal,1,1.57787157575351,-0.7442867403724168,0.41649384347839186,-0.2647814444069208
Tor Faraj,neanderthal,1,0.5126109716952948,-0.995836309325403,-1.2513829023104677,-0.07671684989185193
Tor Faraj,neanderthal,1,0.7886715990095226,-0.09129678804229203,-0.6379858787893977,0.46406349312652645
Tor Faraj,neanderthal,1,1.5327575582366888,-1.7277650265977127,-1.3819535144949777,-0.1828935005544939
Tor Faraj,neanderthal,1,0.864952048808217,-0.37384777744311504,-0.43090675071184414,-1.1859818796233619
Tor Faraj,neanderthal,1,-1.1882084074212305,-1.9504239266147299,-0.8325052847755794,-0.6397439874302533
Tor Faraj,neanderthal,1,-0.8947013896995518,-0.4175957975082205,0.09548320031023862,0.4578484086579391
Tor Faraj,neanderthal,1,-0.40097392047898595,0.7187019711067939,-0.021287579544237982,-0.5874177429170849
Tor Faraj,neanderthal,1,1.7307974600352298,-1.4964370095860033,0.08323073055131934,-0.010439726690265846
Tor Faraj,neanderthal,1,1.1927883056159045,-0.39924440894170704,-0.7770172881620274,-0.7100123303563863
Tor Faraj,neanderthal,1,0.9686209109456845,-1.0304273854811004,-0.09851999763225544,0.3121530044845861
Tor Faraj,neanderthal,1,1.0789687247471083,-0.8309737640274987,-0.4099433006703524,-0.06848434764074755
Tor Faraj,neanderthal,1,-0.650811732190702,0.4809612349775675,0.6444509882613294,-0.4380664299607312
Tor Faraj,neanderthal,1,1.3526919715067285,0.1153000632463587,1.594639444744063,-1.0765682949763373
Tor Faraj,neanderthal,1,0.1552675111903152,1.0625128531160914,0.891312118087211,-0.7469766191062647
Tor Faraj,neanderthal,1,0.7396890931918382,-0.8907473547597959,-0.028844599124063834,-0.7075632427030529
Tor Faraj,neanderthal,1,1.3037540882690615,-1.3789056461135087,-0.04785815518895071,-0.11138831925991091
Tor Faraj,neanderthal,1,1.1434700464967276,-1.746034520087718,-0.5370329991817735,0.1692640049665056
Tor Faraj,neanderthal,1,0.298482985584975,-1.8338513651381596,-0.4481484409769283,-0.0681052015072499
Tor Faraj,neanderthal,1,-0.6141920317844228,0.8946901481644113,0.43123707893976326,-0.4918800764115301
Tor Faraj,neanderthal,1,1.3626507632593798,-0.9437827859877937,-0.5267075316989924,0.5455464182500521
Tor Faraj,neanderthal,1,0.4777882485329193,-1.5406156209598312,-1.0636039505736274,0.13330040725150297
Tor Faraj,neanderthal,1,0.9853150089631152,-0.6341030087113687,-0.6461436699234075,-0.4502912760951114
Tor Faraj,neanderthal,1,-0.0801146517330798,-0.9082853562803981,-2.2220421485770387,0.021359180634877392
Tor Faraj,neanderthal,1,-1.061675979590892,-1.2350424068412467,-2.323555632106413,1.1777598512467098
Tor Faraj,neanderthal,1,-1.8602545597615467,-1.6943070622845882,-1.4906630692135627,0.39642101047771683
Tor Faraj,neanderthal,1,0.8092099102693439,-1.6667643095399893,-0.2194569685626331,0.07357499035266142
Tor Faraj,neanderthal,1,-0.257509522906836,-1.5738946072551372,-0.43704016942659807,-0.10055981750446776
Tor Faraj,neanderthal,1,-0.8310224835472808,-2.0151162038549226,-0.8021536590352961,-0.20131338139707639
Tor Faraj,neanderthal,1,0.012519214443815216,-1.7351216416592903,0.019102574337021925,0.5280852516111934
Tor Faraj,neanderthal,1,1.6395004335804608,-1.4465969234505838,-0.27119443080343947,-0.12342552150000873
Tor Faraj,neanderthal,1,-1.0045102656021423,-1.455103292216736,-0.22577685243682466,0.38253372518031636
Tor Faraj,neanderthal,1,0.4120993295018713,-0.7024751635628755,0.7419836623765226,-0.8536935220626667
Tor Faraj,neanderthal,1,1.1289897543541298,-1.7057153746462637,-0.32513011233324934,0.3071925566869934
Tor Faraj,neanderthal,1,-1.3824319561372223,-1.7565203806329144,-0.976005505535859,0.21629036520002634
Tor Faraj,neanderthal,1,-0.7494262559210424,-1.019189389043437,0.04180169051495942,1.2035422523188182
Tor Faraj,neanderthal,1,-0.2524827337683492,-0.7732668941022729,-0.4406864099246968,-0.9234404487320708
Tor Faraj,neanderthal,1,1.2958419349663297,-1.7450775170490571,-0.0036996419581125026,0.11964299327044552
Tor Faraj,neanderthal,1,0.7753326069881443,-1.6400999161750516,0.8593877673573486,-0.0009529837110995409
Tor Faraj,neanderthal,1,-0.187571517970806,-1.8025801128901167,0.6621710343970308,0.2607436952305979
Tor Faraj,neanderthal,1,-1.6037303467608188,-2.3589749901213977,-0.6582822499256107,-0.13464536656546217
Tor Faraj,neanderthal,1,0.0997299627136153,-2.3887752476502735,0.02447182515454787,0.20601169299786465
Tor Faraj,neanderthal,1,-0.470100501475297,-0.9831117888383074,0.6239467086980546,-0.7513051743811876
Tor Faraj,neanderthal,1,-1.671272643813541,-1.7698887998601058,0.6825018840580587,-0.09728169422353465
Tor Faraj,neanderthal,1,-1.1837858527733716,-0.950128124804586,1.7758529751740744,-0.40947189466030776
Tor Faraj,neanderthal,1,0.4507772375261993,-1.8689829485156704,0.01527272191571186,0.5272114004657877
Tor Faraj,neanderthal,1,-0.09464961637438898,-1.8256103269229214,-0.6209273414243085,0.5229592815081628
Tor Faraj,neanderthal,1,-1.599186033062613,-0.41599119474048574,0.19482348869594954,-0.5836840787832871
Tor Faraj,neanderthal,1,-1.1846209918870494,-2.4103277841499255,0.413070981925282,0.007935160749350157
Tor Faraj,neanderthal,1,0.07332033809116839,-1.8969891832860777,1.283439050704685,0.559097073357893
Tor Faraj,neanderthal,1,-0.2030249525243602,-1.471735108991602,1.0064950415884184,0.5245363017930583
Tor Faraj,neanderthal,1,-2.1268226413557025,-1.1890376804461078,0.7496970381523799,-0.0903593837952017
Tor Faraj,neanderthal,1,-0.03049243138347833,-2.1983224140764275,0.7421754547375349,0.5270988347914225
Tor Faraj,neanderthal,1,-0.03129976247902823,-2.43218460409473,0.492947209907225,0.48741326499203547
Tor Faraj,neanderthal,1,-0.6182627537044557,-2.49655145357398,-0.5948346366566363,0.20351387904779938
Tor Faraj,neanderthal,1,-0.6238600098071134,-2.29384145215204,0.8528169852029472,0.534209139213221
Tor Faraj,neanderthal,1,-1.9343790672914143,-2.522077975800443,-0.007896384889451914,0.26121098877947163
Tor Faraj,neanderthal,1,0.488310372455381,-2.320573788731467,0.978612469265037,0.5252713841997907
Tor Faraj,neanderthal,1,-0.5262892271810741,-1.1360914646118299,0.7251438224157548,-0.16002826502150874
Tor Faraj,neanderthal,1,1.1587900542920666,-0.7598392646805171,1.0128354989335615,0.21294089717008047
Tor Faraj,neanderthal,1,-2.023217614542274,-2.797158067240848,0.1555236930674664,0.22867403473322406
Tor Faraj,neanderthal,1,-1.779336691633472,-2.721218740281737,-0.14808632573362282,0.27338925775240847
Tor Faraj,neanderthal,1,-0.37147084789774704,-2.6778963570505065,0.8492834922716819,0.45632876415146095
Tor Faraj,neanderthal,1,0.2954209127215346,-2.8521903453444764,0.3030172763875765,0.6157234312534929
Tor Faraj,neanderthal,1,-2.174984802517502,-3.3629656608381215,-0.04690857967550082,0.43880799751113736
Tor Faraj,neanderthal,1,-0.7046853307543811,-3.033434272510907,0.8018619510291878,0.7078667295333281
Tor Faraj,neanderthal,1,-3.4366427423235453,-2.223687857466683,-0.1993673594834132,0.9844728050130842
Tor Faraj,neanderthal,1,-1.5504427451846712,-2.585064828984206,0.6620428763043271,1.4178536278527345
Tor Faraj,neanderthal,1,-1.9392001644211194,-2.7391913094367,0.3267056554839001,0.30530908466213863
Tor Faraj,neanderthal,1,-2.338540020498123,-3.782517248620756,-0.16754593903242615,0.5834719055953446
Wusta,sapiens,0,3.4345184938764404,1.260387385579225,-0.5066659209625934,-0.2637476556362356
Wusta,sapiens,0,3.3944930580998856,1.6859375354514343,-0.24443038905931624,0.17215161690234368
Wusta,sapiens,0,2.8631091082183504,1.9893899841339624,0.3731781114191516,0.1931583860012659
Wusta,sapiens,0,3.109469906111561,0.8762996791138968,0.540234252053448,-0.5043834354240808
Wusta,sapiens,0,4.3211219483780114,0.999058371800153,0.6813055452548579,0.14266803518263863
Wusta,sapiens,0,2.5976511890101395,1.3649773018378488,-0.26716058117319297,-0.16091413552268433
Wusta,sapiens,0,1.8100111914100787,1.6745691843088,0.7211074302195584,-1.2248419694246715
Wusta,sapiens,0,1.648534825383474,2.490096351150778,0.2166517545164983,-0.3958427501271738
Wusta,sapiens,0,0.8662462202896505,1.2690153932137211,-1.6074065405672222,-0.5741628066812491
Wusta,sapiens,0,2.82190573831678,1.0364471232343095,0.6153012300069652,-0.8051988313601669
Wusta,sapiens,0,2.903519480153923,1.4675185207497075,0.5177852326319475,0.24917976941543454
Wusta,sapiens,0,0.5569230073284616,0.32779504209159055,-1.6696612924718433,-1.6527884561482462
Wusta,sapiens,0,0.8543486118686484,1.7080764214130009,-0.8572959016220133,-0.6103345911422084
Wusta,sapiens,0,-0.10905441943960975,1.5454816273597267,-0.03278723668032266,-0.8725874697674498
Wusta,sapiens,0,2.1277264592273384,1.3934297081505862,0.611234408086312,0.023842131479809296
Wusta,sapiens,0,3.333089826269246,0.27059392366904794,0.3382562578939828,-0.8728672512717212
Wusta,sapiens,0,1.4252660487390256,1.8634711822641097,0.8048488605970002,-1.0945666790757067
Wusta,sapiens,0,2.6378358424148827,0.6292516687700472,0.36847885503583433,-0.07800868732304544
Wusta,sapiens,0,2.1720840546365157,1.3500262025702805,0.7125999924619019,0.8128333663441971
Wusta,sapiens,0,2.5926343811615404,0.44608706235642026,0.4939676196681678,0.14954604238929892
Wusta,sapiens,0,0.18990806709828617,0.19258012925002385,0.39043461694150444,-1.0553281423062677
Wusta,sapiens,0,-0.925102356514316,1.8804124713113628,0.1269602041672894,-0.07341121859471764
Wusta,sapiens,0,1.1797557476208302,0.9916414446193423,-0.4381065512132413,0.4821671984122392
Wusta,sapiens,0,1.849493666474614,0.23168576303464156,1.1583043253165723,-0.044990075997307546
Wusta,sapiens,0,0.16794953156323492,1.062662334361892,-1.083062783429975,0.8417299991239675
Wusta,sapiens,0,2.451759878177144,-0.5766084031661748,1.3840406989219876,0.31235298693976066
Wusta,sapiens,0,-0.47964395466785215,2.288846712679563,1.2419877647703241,0.6238712526709956
Wusta,sapiens,0,-0.7912578449914165,0.9835769841529275,1.012889862587969,0.18872479589263252
Wusta,sapiens,0,0.1334869623755055,0.0092296543526035,1.0870246898479117,-1.0604721492039182
Wusta,sapiens,0,-0.246861524597833,0.25766462102768745,2.0436317783104636,-0.04063279204448406
Wusta,sapiens,0,-0.5459573071151976,0.11285842486549293,0.08906531667221085,0.2394650533484911
Wusta,sapiens,0,-1.4888016952760987,0.14441769161633092,0.43423878266856775,0.6636371631177432
Wusta,sapiens,0,-2.92096647295408,-1.2826164816038017,1.9500833441427798,0.5445998845374483
ALM-3,unknown,2,-0.7955075248339701,0.07934578245452754,-0.6191549273183629,-1.3763595537249687
ALM-3,unknown,2,-2.7149513573310524,-1.1385281937766636,-1.1099915858552656,0.023269158401082117
ALM-3,unknown,2,-2.8174960628486336,-1.1630115700007175,-0.22911547736426108,0.23516690215793482
ALM-3,unknown,2,-2.1045570531616185,-1.1567810200776198,-0.12014215473484026,0.007756471727157544
ALM-3,unknown,2,-3.1704861142245626,-0.3725561369434465,0.9934999849876663,-1.3832771272001567
ALM-3,unknown,2,-5.007492400099112,-1.2492070275410916,1.6358027876120909,0.21050511681347514
ALM-3,unknown,2,-0.32940793894122444,-0.13451207294304368,0.09528142820326248,-0.6193789178080958
