Site,ID number,Number of scars,Length,Proximal width,Medial width,Distal width,Thickness at medial,Platform width,Platform thickness,Weight,,,
JQ-1,5.00,4.00,47.92,27.95,39.34,27.78,8.44,32.51,10.36,17.50,,,
JQ-1,115.00,8.00,41.26,41.54,35.68,24.63,9.15,40.12,9.41,21.00,,,
JQ-1,3.00,11.00,65.29,26.65,44.33,25.90,10.80,18.09,5.32,44.10,,,
JQ-1,7.00,5.00,54.51,20.62,32.06,29.51,9.06,18.78,8.01,20.70,,,
JQ-1,67.00,11.00,42.60,26.59,35.44,26.54,7.91,28.26,6.58,16.90,,,
JQ-1,807.00,8.00,40.33,19.26,37.13,27.79,6.74,19.19,2.02,11.80,,,
JQ-1,91.00,7.00,39.53,39.36,46.29,49.81,9.82,37.50,7.63,27.00,,,
JQ-1,121.00,5.00,30.71,29.44,23.69,17.01,10.61,27.35,11.17,11.00,,,
JQ-1,18.00,4.00,33.25,27.57,33.63,33.20,9.59,25.35,11.30,15.70,,,
JQ-1,83.00,5.00,33.46,34.33,39.40,26.50,12.26,30.99,9.55,18.60,,,
ANW-3,1.00,7.00,48.22,24.56,48.22,24.13,9.26,20.48,6.98,19.80,,,
ANW-3,2.00,8.00,45.69,25.77,45.69,6.32,6.17,25.69,7.54,10.00,,,
ANW-3,3.00,8.00,44.15,41.89,44.15,20.59,12.74,39.68,13.11,27.90,,,
ANW-3,4.00,7.00,51.55,48.08,51.55,32.03,11.17,47.61,11.54,36.10,,,
ANW-3,5.00,8.00,59.69,34.62,59.69,27.49,13.70,31.32,13.29,48.00,,,
ANW-3,6.00,8.00,46.10,42.00,46.10,30.58,7.85,38.65,7.55,22.20,,,
ANW-3,7.00,7.00,45.60,26.58,45.60,12.50,7.88,23.28,8.50,16.10,,,
ANW-3,8.00,7.00,41.73,38.72,41.73,17.40,10.15,38.18,12.64,18.20,,,
ANW-3,9.00,8.00,31.54,26.83,31.54,32.34,9.71,25.40,9.73,14.90,,,
ANW-3,10.00,5.00,33.70,26.94,33.70,17.44,7.86,22.08,7.31,8.50,,,
ANW-3,11.00,12.00,75.06,60.34,75.06,40.33,17.76,59.99,20.18,116.00,,,
ANW-3,35.00,9.00,46.10,29.00,46.10,32.34,6.76,28.81,9.21,10.90,,,
ANW-3,52.00,5.00,46.32,24.90,46.32,28.26,8.59,23.47,9.64,16.30,,,
ANW-3,41.00,10.00,32.42,29.55,32.42,18.96,6.62,26.15,7.14,7.00,,,
ANW-3,60.00,11.00,50.25,36.95,50.25,20.88,8.60,31.11,9.89,16.80,,,
ANW-3,46.00,10.00,31.99,23.85,31.99,23.31,6.06,18.48,5.44,5.80,,,
ANW-3,100.00,4.00,38.29,33.16,38.29,21.70,9.31,34.68,10.83,13.30,,,
ANW-3,6.00,10.00,64.07,37.18,64.07,27.01,7.61,34.08,9.78,35.80,,,
ANW-3,27.00,7.00,40.11,25.20,40.11,17.82,8.59,24.23,8.44,14.40,,,
ANW-3,40.00,6.00,48.07,22.98,48.07,11.42,6.12,22.51,6.87,12.00,,,
ANW-3,13.00,7.00,40.36,20.89,40.36,12.76,6.69,18.87,7.55,8.90,,,
ANW-3,40.00,9.00,58.58,26.41,58.58,22.27,6.06,21.03,6.70,13.60,,,
ANW-3,39.00,6.00,51.17,36.78,51.17,34.77,9.03,33.35,11.22,24.90,,,
ANW-3,47.00,6.00,35.25,27.79,35.25,9.08,5.70,29.67,7.07,8.30,,,
ANW-3,100.00,7.00,46.90,28.45,46.90,24.67,8.61,25.71,7.73,17.50,,,
ANW-3,12.00,5.00,35.62,28.09,35.62,12.93,8.30,24.15,8.26,9.50,,,
ANW-3,57.00,6.00,37.03,28.76,37.03,26.24,6.28,19.16,8.24,8.60,,,
ANW-3,65.00,11.00,34.46,28.27,34.46,12.77,5.37,27.04,6.59,5.90,,,
ANW-3,19.00,9.00,26.26,20.03,26.26,7.51,6.07,19.38,6.70,3.70,,,
ANW-3,61.00,10.00,50.41,17.75,50.41,7.26,6.74,17.23,5.17,10.80,,,
ANW-3,59.00,5.00,41.44,23.55,41.44,24.75,8.04,19.78,6.17,14.10,,,
ANW-3,57.00,9.00,43.09,30.27,43.09,24.16,9.60,33.86,8.95,20.40,,,
ANW-3,41.00,7.00,48.96,37.01,48.96,24.19,7.66,36.10,9.25,18.90,,,
ANW-3,56.00,8.00,41.86,34.18,41.86,23.19,8.68,35.64,8.51,16.50,,,
ANW-3,59.00,6.00,41.99,34.84,41.99,27.95,10.50,35.65,8.13,18.90,,,
ANW-3,35.00,10.00,39.78,15.58,39.78,20.27,5.44,12.37,3.33,8.30,,,
ANW-3,61.00,9.00,33.35,22.93,33.35,25.56,8.21,15.95,5.42,9.10,,,
ANW-3,41.00,6.00,48.25,22.06,48.25,21.96,8.40,20.19,10.36,18.60,,,
ANW-3,9.00,8.00,48.37,25.50,48.37,22.79,6.51,22.37,9.98,21.00,,,
ANW-3,2.00,6.00,32.49,25.67,32.49,17.34,4.97,21.84,4.75,8.20,,,
ANW-3,100.00,6.00,48.86,27.24,48.86,19.91,9.27,27.73,9.06,18.80,,,
ANW-3,5.00,6.00,45.79,32.21,45.79,23.33,6.06,22.22,5.84,12.90,,,
ANW-3,43.00,4.00,35.80,30.71,35.80,22.15,7.03,30.72,9.00,14.00,,,
ANW-3,43.00,8.00,29.56,20.97,29.56,20.91,5.78,22.94,6.51,6.50,,,
ANW-3,100.00,7.00,34.18,15.09,34.18,9.80,4.58,16.26,5.72,4.20,,,
ANW-3,40.00,7.00,22.58,24.94,22.58,20.68,8.44,28.84,8.06,6.40,,,
ANW-3,4.00,8.00,33.78,26.12,33.78,12.53,9.60,26.42,8.21,9.70,,,
ANW-3,41.00,5.00,29.69,22.90,29.69,20.25,3.83,20.39,6.62,5.10,,,
ANW-3,65.00,7.00,28.29,18.13,28.29,10.59,4.23,17.75,5.25,3.40,,,
ANW-3,36.00,6.00,30.13,20.40,30.13,18.19,5.08,19.06,6.39,4.40,,,
ANW-3,47.00,7.00,30.21,26.75,30.21,21.86,9.37,26.61,9.94,9.00,,,
ANW-3,1.00,8.00,53.33,26.75,53.33,18.38,6.63,29.97,8.93,16.50,,,
ANW-3,41.00,8.00,37.45,17.32,37.45,13.99,2.66,17.19,4.15,2.60,,,
ANW-3,56.00,5.00,38.20,35.95,38.20,15.87,11.69,36.59,11.90,15.40,,,
ANW-3,7(?),7.00,51.67,27.94,51.67,26.48,5.19,23.89,4.99,13.10,,,
A5,1313.00,7.00,28.17,19.83,22.33,12.57,6.64,20.11,8.43,6.20,,,
A5,1335.00,5.00,37.30,31.69,40.14,38.96,13.03,19.20,8.99,26.10,,,
A5,4725.00,3.00,62.87,29.40,27.23,4.63,11.23,28.12,11.11,32.70,,,
A5,6002.00,5.00,38.81,22.58,25.42,16.86,4.90,22.82,3.59,6.90,,,
A5,4492.00,7.00,33.13,20.27,19.22,11.48,4.94,7.96,2.93,4.00,,,
A5,4587.00,7.00,30.75,32.15,32.33,17.47,6.19,33.02,6.06,7.50,,,
A5,4493.00,8.00,19.95,15.33,15.48,2.12,5.49,13.61,5.35,2.70,,,
A5,1235.00,5.00,23.98,24.48,20.56,16.74,5.64,25.08,6.98,4.40,,,
A5,1003.00,8.00,29.58,37.14,44.10,20.73,10.32,39.72,11.12,23.30,,,
A5,1023.00,6.00,20.19,13.14,15.60,12.51,4.48,9.83,4.72,1.50,,,
A5,1435.00,10.00,26.59,16.75,25.03,19.00,5.06,12.61,4.25,3.90,,,
A5,1431.00,6.00,20.28,22.32,25.51,20.79,5.38,15.08,4.98,3.00,,,
A5,4436.00,6.00,25.96,18.20,23.03,13.87,4.17,8.16,2.83,2.80,,,
A5,4304.00,11.00,49.72,20.20,35.19,4.72,6.45,21.45,7.90,19.10,,,
A5,4071.00,6.00,29.00,18.82,26.72,21.25,5.94,18.22,6.44,5.30,,,
A5,4352.00,7.00,33.87,24.22,32.20,15.81,7.61,22.51,5.27,9.10,,,
A5,4251.00,6.00,37.47,26.53,25.72,16.26,6.11,21.96,3.50,6.40,,,
A5,4197.00,8.00,33.00,15.89,25.39,13.37,6.02,15.13,5.21,7.50,,,
A5,4198.00,3.00,31.04,30.06,24.26,8.93,7.15,29.85,7.98,9.30,,,
A5,4296.00,5.00,35.58,32.45,27.90,12.18,6.18,32.52,11.67,9.90,,,
A5,4312.00,7.00,58.36,37.97,49.53,31.88,15.81,31.95,13.83,56.00,,,
A5,4272.00,6.00,52.28,32.06,40.91,23.51,11.14,30.98,10.44,37.10,,,
A5,4250.00,5.00,28.50,25.09,37.02,22.70,7.74,15.22,4.40,9.10,,,
A5,4345.00,5.00,25.13,21.60,24.47,17.10,3.77,12.69,4.01,3.00,,,
A5,4339.00,6.00,32.36,38.63,34.02,25.41,12.38,38.40,11.94,21.30,,,
A5,385.00,4.00,33.10,24.25,23.96,2.16,6.97,23.23,6.82,6.00,,,
A5,4373.00,10.00,42.25,35.33,46.86,33.92,10.86,34.54,10.06,28.30,,,
A5,1460.00,8.00,32.52,25.78,33.20,28.21,6.16,23.79,5.09,12.40,,,
A5,147.00,8.00,38.22,26.76,23.09,11.82,6.86,21.75,7.84,8.50,,,
A5,3835.00,5.00,32.65,28.49,22.68,5.20,7.16,30.04,7.41,8.30,,,
A5,3170.00,4.00,34.32,21.53,26.77,20.02,5.30,16.78,5.72,6.30,,,
A5,3834.00,11.00,24.81,26.91,27.54,16.81,8.77,26.90,7.91,9.00,,,
A5,4243.00,13.00,60.64,54.47,65.19,44.17,16.26,50.82,18.69,68.80,,,
A5,3027.00,9.00,28.49,25.45,25.55,9.69,7.53,25.18,8.54,6.00,,,
A5,104.00,3.00,38.11,18.63,22.66,2.42,4.77,10.66,3.91,6.10,,,
A5,1550.00,3.00,34.94,26.65,24.73,2.64,7.83,27.03,7.62,8.10,,,
A5,837.00,7.00,52.02,35.35,33.60,6.20,9.72,35.36,9.44,26.20,,,
A5,1677.00,6.00,33.78,33.07,35.16,28.69,10.98,32.84,8.53,20.50,,,
A5,901.00,7.00,23.97,11.90,19.93,17.15,3.83,9.42,3.78,2.50,,,
A5,878.00,4.00,25.02,13.32,18.77,23.75,5.95,10.40,5.63,4.00,,,
A5,853.00,4.00,26.98,16.50,27.92,19.84,6.26,18.40,4.93,6.00,,,
A5,4488.00,7.00,27.39,15.01,15.30,1.77,3.17,9.59,3.49,1.40,,,
A5,117.00,9.00,27.83,16.31,13.67,5.07,2.89,15.08,4.29,1.80,,,
MDF-61,25.00,7.00,68.05,17.37,38.67,16.34,9.09,16.76,4.69,29.60,,,
MDF-61,32.00,6.00,52.44,30.02,43.01,7.63,7.19,23.44,5.49,19.80,,,
MDF-61,81.00,5.00,55.77,25.46,28.29,20.07,8.35,24.52,6.29,17.70,,,
MDF-61,92.00,5.00,47.53,26.31,31.55,28.19,6.11,25.84,9.01,16.50,,,
MDF-61,164.00,4.00,59.34,38.54,40.38,34.33,7.52,35.64,8.46,24.80,,,
MDF-61,601.00,6.00,57.18,40.51,57.81,41.77,8.59,38.30,6.63,27.00,,,
MDF-61,808.00,6.00,42.53,33.09,26.57,7.87,8.16,35.20,8.71,11.80,,,
MDF-61,812.00,6.00,38.95,31.60,44.18,34.47,6.87,,,13.70,,,
MDF-61,813.00,6.00,36.90,26.53,43.74,29.63,6.68,22.87,8.13,10.30,,,
MDF-61,815.00,6.00,50.17,46.06,38.19,30.99,10.91,39.13,8.98,26.00,,,
MDF-61,832.00,4.00,44.08,20.12,40.95,33.78,6.41,18.50,9.94,13.60,,,
MDF-61,833.00,9.00,75.51,46.75,45.18,45.97,9.03,37.66,11.62,57.50,,,
MDF-61,842.00,11.00,69.84,43.08,59.10,40.70,15.22,29.38,7.14,74.70,,,
MDF-61,843.00,6.00,41.93,34.21,42.10,40.37,7.03,36.28,11.15,18.10,,,
MDF-61,848.00,7.00,45.88,30.57,59.04,57.26,7.75,32.12,9.38,21.80,,,
MDF-61,853.00,7.00,48.82,22.96,43.57,25.08,7.70,16.67,8.88,20.60,,,
MDF-61,856.00,9.00,47.56,20.60,43.87,47.07,8.11,19.25,8.71,20.90,,,
MDF-61,868.00,9.00,55.63,22.98,43.87,25.27,7.73,18.70,8.17,26.30,,,
MDF-61,872.00,9.00,61.14,26.56,35.93,32.39,10.41,20.14,8.60,26.90,,,
MDF-61,882.00,8.00,61.60,26.28,39.04,35.61,9.48,23.04,9.73,31.00,,,
MDF-61,883.00,6.00,58.98,47.51,53.85,43.02,13.63,41.91,12.78,41.60,,,
MDF-61,888b,5.00,51.94,37.24,34.19,26.30,9.21,24.78,5.94,22.00,,,
MDF-61,895.00,6.00,48.48,33.99,36.35,18.28,9.45,20.52,5.45,20.90,,,
MDF-61,899.00,7.00,67.18,38.84,44.84,23.91,9.12,37.57,8.10,36.70,,,
MDF-61,911.00,4.00,57.54,41.43,53.87,39.57,6.99,37.73,7.19,25.00,,,
MDF-61,915.00,6.00,56.79,36.33,54.99,13.77,10.60,36.14,12.40,30.50,,,
MDF-61,919.00,5.00,42.42,30.15,38.88,32.56,8.03,21.74,8.78,19.90,,,
MDF-61,923.00,5.00,53.98,39.25,50.17,36.61,11.10,35.75,11.82,35.20,,,
MDF-61,925.00,6.00,63.29,42.88,50.07,34.58,12.10,17.75,11.97,41.20,,,
MDF-61,927.00,10.00,45.10,25.16,36.32,31.72,10.81,23.95,10.39,25.40,,,
MDF-61,928.00,3.00,57.18,42.44,49.17,38.78,10.24,24.48,5.57,33.60,,,
MDF-61,936.00,6.00,47.76,39.90,37.47,33.97,4.82,27.27,4.98,14.40,,,
MDF-61,940.00,5.00,39.73,32.11,38.26,31.22,7.10,21.48,5.36,9.80,,,
MDF-61,941.00,9.00,52.64,48.62,59.08,54.65,12.09,42.47,10.43,48.50,,,
MDF-61,942.00,5.00,47.74,22.15,41.79,36.15,7.81,19.53,7.76,18.40,,,
MDF-61,952.00,9.00,72.09,62.43,55.97,46.71,11.50,38.29,10.96,61.80,,,
MDF-61,955.00,8.00,54.57,47.28,47.11,47.42,9.31,38.03,12.22,33.60,,,
MDF-61,959.00,6.00,50.11,27.41,47.51,41.19,11.18,30.01,7.54,29.80,,,
MDF-61,966.00,5.00,44.56,18.75,32.53,27.93,5.67,17.15,5.22,12.00,,,
MDF-61,968.00,7.00,58.61,27.86,38.68,34.70,8.23,12.62,5.79,23.00,,,
MDF-61,969.00,8.00,48.67,33.08,43.93,44.67,9.16,21.18,7.05,25.20,,,
MDF-61,972.00,5.00,45.03,22.83,40.99,31.23,7.40,20.99,7.67,17.90,,,
MDF-61,976.00,4.00,49.39,45.64,53.76,49.04,13.86,37.19,11.60,44.60,,,
MDF-61,984.00,8.00,53.90,26.99,41.62,15.09,13.04,25.55,11.99,37.00,,,
MDF-61,985.00,4.00,53.31,37.56,34.27,11.32,10.29,30.37,12.83,23.80,,,
MDF-61,986.00,7.00,55.18,30.29,43.81,43.32,8.58,21.94,5.73,24.20,,,
MDF-61,1009.00,2.00,24.70,22.51,28.17,23.30,6.90,21.93,10.47,6.60,,,
MDF-61,1027.00,5.00,25.07,25.18,24.48,16.76,6.99,23.25,7.24,4.30,,,
MDF-61,1035.00,7.00,49.59,32.53,47.12,42.68,12.00,33.41,13.08,29.50,,,
MDF-61,1205.00,6.00,58.14,40.92,55.68,53.06,7.15,22.97,4.48,32.00,,,
MDF-61,1207.00,7.00,62.07,44.64,51.86,57.19,11.13,29.42,6.52,39.90,,,
MDF-61,1208.00,6.00,47.54,24.98,33.40,29.70,8.08,20.73,7.94,20.10,,,
MDF-61,1211.00,5.00,58.38,31.35,41.02,31.05,8.11,25.66,8.88,26.70,,,
MDF-61,1216.00,6.00,54.38,38.93,50.45,45.63,11.59,37.44,11.42,37.60,,,
MDF-61,1219.00,6.00,55.16,35.48,39.75,32.82,8.46,34.69,34.69,27.60,,,
MDF-61,1220.00,5.00,56.62,36.79,39.04,17.07,8.51,33.12,7.67,20.70,,,
MDF-61,1221.00,5.00,83.39,39.01,59.30,41.35,10.23,32.75,13.53,52.40,,,
MDF-61,1225.00,5.00,63.08,34.84,47.14,44.84,6.21,30.14,10.38,25.90,,,
MDF-61,1227.00,5.00,63.23,43.32,58.51,49.48,11.54,42.75,11.83,64.20,,,
MDF-61,1230.00,11.00,65.17,28.07,33.11,30.47,7.68,24.24,10.43,23.50,,,
MDF-61,1231.00,5.00,58.18,31.97,43.07,22.73,10.63,20.24,9.25,33.70,,,
MDF-61,1232.00,6.00,60.77,43.25,37.61,8.56,8.66,31.11,9.54,24.90,,,
MDF-61,1233.00,7.00,76.49,35.44,33.47,15.68,7.73,19.58,5.40,23.10,,,
MDF-61,1236.00,7.00,64.32,34.86,41.58,33.91,6.65,31.84,8.65,24.80,,,
MDF-61,1237.00,7.00,50.65,35.28,46.96,45.56,6.67,36.68,12.51,21.30,,,
MDF-61,1243.00,6.00,64.66,33.63,51.38,41.70,10.66,28.18,7.43,40.10,,,
MDF-61,1252.00,7.00,63.21,27.15,37.22,4.68,8.42,23.73,10.47,24.90,,,
MDF-61,1254.00,8.00,78.87,36.41,57.85,36.92,12.06,21.53,9.52,47.30,,,
MDF-61,1255.00,7.00,51.66,22.67,48.99,29.65,7.96,20.04,10.22,24.10,,,
MDF-61,1256.00,6.00,61.51,32.43,47.99,33.78,10.16,30.39,11.36,36.90,,,
MDF-61,1258.00,6.00,51.42,30.53,33.77,32.29,8.17,17.83,7.30,22.40,,,
MDF-61,1260.00,6.00,50.22,26.99,36.49,29.29,5.71,24.65,11.60,16.50,,,
MDF-61,1263.00,9.00,55.75,34.95,36.26,29.40,6.69,31.07,10.81,20.00,,,
MDF-61,1267.00,8.00,58.68,35.66,47.24,38.51,7.57,32.66,9.65,28.60,,,
MDF-61,1271.00,8.00,55.80,46.06,49.23,48.02,7.86,31.23,6.37,27.60,,,
MDF-61,1275.00,7.00,51.51,26.66,38.54,28.65,7.77,18.09,5.44,15.10,,,
MDF-61,1280.00,6.00,48.38,47.56,56.65,51.29,12.60,40.20,14.18,42.70,,,
MDF-61,1503.00,5.00,62.09,34.33,45.56,29.73,8.82,27.19,9.45,25.50,,,
MDF-61,1554.00,6.00,32.49,31.61,41.89,42.43,5.14,27.99,6.50,9.70,,,
MDF-61,1568.00,6.00,31.34,25.96,32.57,32.67,7.10,18.97,4.52,8.50,,,
JKF-1,209.00,7.00,100.45,29.01,30.20,4.63,9.21,25.84,12.57,56.40,,,
JKF-1,27.00,4.00,67.24,39.30,38.92,26.49,8.52,33.98,15.86,36.70,,,
JKF-1,34.00,3.00,48.39,28.84,30.03,14.38,5.25,25.18,6.45,14.70,,,
JKF-1,42.00,4.00,41.10,37.08,25.74,4.96,9.60,20.08,11.03,15.50,,,
JKF-1,71.00,4.00,55.95,28.84,42.26,26.42,10.87,26.25,10.09,33.80,,,
JKF-1,73.00,3.00,44.82,24.44,18.45,1.15,6.33,17.12,4.69,8.90,,,
JKF-1,86.00,6.00,58.46,44.01,40.75,14.34,13.42,39.71,11.62,53.60,,,
JKF-1,142.00,4.00,49.95,28.22,26.02,8.86,8.11,25.98,10.62,20.20,,,
JKF-1,328.00,7.00,60.22,26.98,36.60,3.97,11.54,25.29,11.86,34.00,,,
JKF-1,352.00,5.00,76.99,57.74,44.22,5.55,9.73,56.41,17.34,51.30,,,
JKF-1,397.00,5.00,48.07,42.74,36.32,3.81,21.72,44.69,13.27,146.70,,,
JKF-1,422.00,6.00,46.29,25.28,27.11,4.49,7.48,21.97,7.94,13.10,,,
JKF-1,502.00,6.00,53.44,35.28,29.42,3.31,8.87,36.01,9.02,23.70,,,
JKF-1,571.00,6.00,40.14,22.72,27.12,15.63,6.92,19.19,6.76,11.60,,,
JKF-1,811.00,6.00,47.01,26.96,34.08,19.33,9.55,27.50,8.89,22.70,,,
JKF-1,847.00,6.00,66.57,44.43,36.48,3.83,8.53,45.46,11.32,44.00,,,
JKF-1,873.00,7.00,58.26,21.09,27.55,4.63,8.31,20.51,5.83,19.40,,,
JKF-1,S20,7.00,74.41,37.06,42.41,3.84,8.63,29.03,7.52,41.00,,,
JKF-1,S62 + S 63 (conjoin),5.00,67.92,24.98,32.95,20.61,7.92,19.82,5.62,22.80,,,
JKF-1,504.00,7.00,77.04,42.46,31.08,3.26,8.10,36.18,6.33,38.00,,,
JKF-1,513.00,9.00,91.97,39.39,29.27,2.27,8.83,25.49,10.19,49.10,,,
JKF-1,921.00,8.00,80.16,45.49,40.90,6.65,7.61,45.18,12.46,50.90,,,
JKF-1,S76,3.00,69.01,49.33,36.62,2.67,5.62,49.14,8.94,27.90,,,
JKF-1,S36,5.00,26.81,17.08,18.49,13.74,5.08,13.30,5.05,2.70,,,
Ksar Akil 28A,1118.00,6.00,61.14,25.28,29.11,11.74,6.94,22.83,7.17,14.00,,,
Ksar Akil 28A,1140.00,7.00,64.08,28.97,26.59,1.65,7.49,26.76,7.96,15.80,,,
Ksar Akil 28A,1890.00,6.00,69.59,28.27,32.64,26.71,7.33,16.89,7.18,23.90,,,
Ksar Akil 28A,2663.00,5.00,70.92,20.27,30.34,18.52,9.00,18.83,4.28,21.80,,,
Ksar Akil 28A,1938.00,6.00,76.36,40.24,36.55,41.46,10.77,40.79,10.87,40.30,,,
Ksar Akil 28A,2158.00,3.00,47.36,21.46,21.50,11.79,4.30,19.24,3.69,6.40,,,
Ksar Akil 28A,2274.00,4.00,49.46,32.94,30.71,9.23,5.12,28.65,5.40,11.10,,,
Ksar Akil 28A,2257.00,3.00,56.05,41.19,40.59,36.15,5.02,40.35,6.98,15.50,,,
Ksar Akil 28A,2063.00,4.00,79.59,40.67,36.13,7.25,12.24,38.61,9.89,42.60,,,
Ksar Akil 28A,2519.00,7.00,42.71,37.61,37.84,9.06,12.06,37.07,14.36,20.40,,,
Ksar Akil 28A,2364.00,4.00,60.74,27.02,38.35,51.13,11.39,35.70,12.48,26.30,,,
Ksar Akil 28A,2806.00,3.00,56.01,34.40,41.47,39.81,8.71,34.78,8.72,20.80,,,
Ksar Akil 28A,2201.00,3.00,59.33,47.69,49.15,31.93,10.16,42.71,15.56,33.80,,,
Ksar Akil 28A,2525.00,3.00,51.66,39.82,40.51,31.75,7.63,38.68,11.10,17.90,,,
Ksar Akil 28A,1504.00,0.00,56.04,28.15,25.92,2.70,5.98,26.77,3.61,10.40,,,
Ksar Akil 28A,1667.00,3.00,47.15,18.92,13.13,3.58,4.70,17.84,3.24,3.00,,,
Ksar Akil 28A,1399.00,4.00,55.53,29.63,32.50,2.54,9.29,29.45,10.05,15.80,,,
Ksar Akil 28A,1511.00,5.00,54.31,30.59,28.71,3.32,8.08,30.02,5.93,13.80,,,
Ksar Akil 28A,1487.00,4.00,53.47,21.95,22.16,6.62,6.39,21.72,5.23,10.20,,,
Ksar Akil 28A,1535.00,5.00,43.45,38.26,30.94,3.96,6.50,32.07,5.70,9.10,,,
Ksar Akil 28A,1521.00,3.00,48.40,20.77,30.57,6.46,8.67,19.39,8.12,11.60,,,
Ksar Akil 28A,1579.00,4.00,38.57,31.41,23.18,2.88,2.48,31.02,1.79,13.60,,,
Ksar Akil 28A,1531.00,4.00,50.26,29.21,26.58,5.26,5.99,29.13,9.60,10.40,,,
Ksar Akil 28A,1563.00,4.00,57.51,34.70,28.76,4.49,4.80,27.44,7.28,12.70,,,
Ksar Akil 28A,1400.00,3.00,53.00,38.28,33.10,4.20,8.67,40.61,10.91,18.30,,,
Ksar Akil 28A,1526.00,5.00,52.94,21.48,28.22,4.67,10.57,21.27,8.61,14.50,,,
Ksar Akil 28A,1389.00,3.00,54.18,27.69,28.15,3.55,7.89,26.21,8.12,12.70,,,
Ksar Akil 28A,1425.00,3.00,53.92,31.13,27.50,4.46,8.79,31.10,10.19,15.20,,,
Ksar Akil 28A,1555.00,4.00,93.07,40.05,37.41,10.73,9.04,39.62,9.27,41.70,,,
Ksar Akil 28A,1528.00,4.00,46.40,53.60,42.18,3.64,8.41,53.78,10.38,20.90,,,
Ksar Akil 28A,1551.00,6.00,71.56,52.84,48.21,7.11,11.70,51.43,11.21,42.50,,,
Ksar Akil 28A,1522.00,7.00,61.54,31.86,34.84,3.91,10.84,30.55,9.26,22.40,,,
Ksar Akil 28A,1184.00,2.00,65.39,36.38,26.13,4.18,4.97,33.79,4.77,10.10,,,
Ksar Akil 28A,2066.00,7.00,65.62,35.18,34.47,23.01,8.97,34.10,9.73,27.80,,,
Ksar Akil 28A,1849.00,5.00,62.49,28.73,34.31,26.23,5.13,27.19,6.31,13.80,,,
Ksar Akil 28A,2217.00,5.00,60.53,49.86,44.26,6.04,8.25,49.80,4.41,25.70,,,
Ksar Akil 28A,2507.00,8.00,73.54,33.01,55.08,35.33,11.55,22.03,12.12,34.60,,,
Ksar Akil 28A,1927.00,5.00,63.60,39.27,55.13,30.22,13.52,31.16,15.51,52.60,,,
Ksar Akil 28A,2256.00,5.00,53.62,38.74,37.13,30.19,4.49,25.09,4.72,14.30,,,
Ksar Akil 28A,1111.00,3.00,45.66,40.80,34.10,6.24,7.92,40.59,4.80,12.00,,,
Ksar Akil 28A,2088.00,7.00,40.63,41.12,37.18,12.91,8.16,41.98,11.05,15.30,,,
Ksar Akil 28A,2058.00,5.00,53.35,34.81,29.28,4.44,4.09,34.19,,9.00,,,
Ksar Akil 28A,2551.00,6.00,53.43,37.20,43.01,47.48,4.73,28.92,,15.80,,,
Ksar Akil 28A,2518.00,5.00,70.57,37.86,46.99,21.32,10.08,35.68,12.48,39.00,,,
Ksar Akil 28A,2079.00,5.00,73.99,31.07,44.57,43.08,8.01,15.29,8.66,25.70,,,
Ksar Akil 28A,2239.00,5.00,55.82,33.43,39.24,23.49,6.18,37.86,8.68,19.30,,,
Ksar Akil 28A,2021.00,6.00,68.68,44.56,50.54,8.73,9.11,44.49,10.49,38.60,,,
Ksar Akil 28A,2691.00,5.00,58.59,23.96,34.58,17.20,3.99,18.09,5.12,11.90,,,
Ksar Akil 28A,2233.00,4.00,52.93,26.88,41.44,4.51,9.13,25.33,7.00,20.00,,,
Ksar Akil 28A,2542.00,6.00,62.49,32.48,37.91,22.05,6.36,29.64,8.13,21.30,,,
Ksar Akil 28A,2068.00,6.00,68.73,33.86,41.22,3.66,10.58,20.76,11.75,35.10,,,
Ksar Akil 28A,2247.00,4.00,57.41,33.65,36.07,14.85,7.60,32.39,6.24,18.10,,,
Ksar Akil 28A,2020.00,6.00,65.02,53.43,35.32,12.73,8.09,53.42,7.26,27.20,,,
Ksar Akil 28A,2005.00,3.00,51.20,24.35,25.27,7.05,5.86,22.69,8.87,9.90,,,
Ksar Akil 28A,2282.00,3.00,46.40,32.29,35.99,30.95,9.48,31.18,9.42,14.60,,,
Ksar Akil 28A,2317.00,4.00,37.00,21.33,23.00,4.61,5.63,15.25,6.56,5.70,,,
Ksar Akil 28A,2265.00,7.00,80.44,28.61,37.33,10.19,8.45,12.49,5.37,30.70,,,
Ksar Akil 28A,2065.00,7.00,61.93,33.63,27.09,19.44,5.55,32.11,8.06,16.00,,,
Ksar Akil 28A,2649.00,11.00,89.99,23.70,39.02,37.97,8.05,23.89,7.54,41.80,,,
Ksar Akil 28A,2064.00,5.00,54.74,39.37,35.57,5.08,8.31,39.30,8.36,21.80,,,
Ksar Akil 28A,1168.00,4.00,55.66,34.59,31.91,11.45,6.92,34.48,6.62,14.50,,,
Ksar Akil 28A,2197.00,3.00,70.28,38.76,37.40,13.47,9.11,37.42,7.61,27.80,,,
Ksar Akil 28A,2283.00,8.00,39.08,22.70,31.69,6.86,8.37,22.79,6.53,10.20,,,
Ksar Akil 28A,1201.00,6.00,51.73,21.75,27.64,2.14,7.23,21.37,7.42,10.50,,,
Ksar Akil 28A,2036.00,3.00,36.63,33.94,31.84,10.46,11.02,33.70,10.93,12.20,,,
Ksar Akil 28A,2502.00,5.00,53.01,18.78,24.39,10.52,7.64,15.81,6.80,10.70,,,
Ksar Akil 28A,1990.00,3.00,48.89,25.79,29.57,2.29,6.12,23.87,6.06,10.70,,,
Ksar Akil 28A,1512.00,6.00,53.28,36.31,23.08,3.57,6.93,35.77,6.94,12.40,,,
Ksar Akil 28A,1421.00,4.00,48.09,21.61,20.39,1.90,4.35,19.89,9.13,6.50,,,
Ksar Akil 28A,1544.00,3.00,57.27,29.95,38.73,1.97,12.15,29.32,13.93,23.70,,,
Ksar Akil 28A,1577.00,6.00,73.69,34.54,42.03,2.24,6.36,33.49,7.04,24.90,,,
Ksar Akil 28A,1578.00,3.00,60.80,46.16,38.99,1.88,10.06,46.03,8.06,26.80,,,
Ksar Akil 28A,2188.00,5.00,63.68,45.81,36.26,3.23,8.22,45.40,8.00,26.80,,,
Ksar Akil 28A,2331.00,3.00,36.14,17.11,16.39,1.46,5.05,17.08,6.28,3.70,,,
Ksar Akil 28A,2061.00,4.00,65.31,46.78,45.24,47.66,14.86,43.91,13.33,46.60,,,
Ksar Akil 28A,2195.00,5.00,69.42,30.22,34.16,2.07,12.54,28.62,8.95,33.10,,,
Ksar Akil 28A,2249.00,4.00,46.92,20.00,25.29,2.45,9.34,21.00,9.91,12.10,,,
Ksar Akil 28A,2082.00,5.00,44.99,30.00,32.78,5.07,8.88,31.77,9.82,15.60,,,
Ksar Akil 28A,2250.00,4.00,41.77,23.21,27.75,1.59,7.29,23.33,7.59,10.50,,,
Ksar Akil 28A,2084.00,3.00,36.94,31.13,24.51,2.68,7.21,31.59,9.29,9.00,,,
Ksar Akil 28A,2087.00,3.00,46.73,23.19,26.92,3.99,7.09,23.06,8.92,10.80,,,
Ksar Akil 28A,2208.00,4.00,39.80,26.38,26.08,2.52,5.04,25.29,5.77,6.80,,,
Ksar Akil 28A,2071.00,5.00,62.95,23.20,28.59,26.73,4.97,21.20,7.72,13.60,,,
Ksar Akil 28A,2221.00,4.00,49.69,32.96,31.16,2.37,9.33,31.24,8.91,16.10,,,
Ksar Akil 28A,2026.00,5.00,75.19,32.27,28.44,1.82,6.88,32.16,8.09,19.10,,,
Ksar Akil 28A,2040.00,4.00,35.30,17.10,15.05,2.00,4.50,16.64,5.20,2.60,,,
Ksar Akil 28A,2248.00,4.00,59.36,29.94,31.46,1.37,7.57,26.80,6.92,16.80,,,
Ksar Akil 28A,2252.00,5.00,52.34,23.17,24.45,1.57,5.29,27.79,7.40,10.10,,,
Ksar Akil 28A,2244.00,3.00,82.40,46.64,47.37,4.43,9.68,45.18,16.85,50.90,,,
Ksar Akil 28A,2321.00,7.00,57.33,13.54,33.42,8.40,6.36,7.02,2.95,12.30,,,
Ksar Akil 28A,2219.00,3.00,46.29,26.41,26.15,4.43,6.45,27.59,5.49,11.00,,,
Wusta,xx11,8.00,25.09,20.70,25.80,32.68,6.46,9.03,2.33,7.90,,,
Wusta,709.00,5.00,15.30,8.74,11.47,9.17,2.84,8.52,1.82,0.70,,,
Wusta,715.00,6.00,22.24,9.33,16.24,13.80,5.55,9.69,5.45,3.80,,,
Wusta,704.00,3.00,30.42,14.65,16.32,15.78,3.35,11.26,2.52,3.00,,,
Wusta,259.00,3.00,20.71,22.05,16.36,3.04,5.30,21.91,5.78,2.80,,,
Wusta,716.00,6.00,50.66,28.97,26.73,20.26,8.12,29.58,9.16,21.50,,,
Wusta,xx21,9.00,55.45,23.18,28.68,16.28,6.24,19.85,7.66,15.70,,,
Wusta,392.00,9.00,24.01,26.03,28.60,33.06,8.37,23.79,10.11,10.20,,,
Wusta,272.00,8.00,36.38,28.03,37.60,27.44,12.32,18.94,6.15,27.00,,,
Wusta,304.00,4.00,23.75,14.45,20.33,19.59,5.24,9.12,3.36,4.20,,,
Wusta,236.00,6.00,21.63,18.44,20.35,17.10,7.74,11.22,3.65,1.40,,,
Wusta,202.00,6.00,32.75,12.73,18.79,14.39,3.45,4.14,1.34,3.00,,,
Wusta,236.00,6.00,35.11,25.34,30.09,23.12,9.88,24.62,12.35,13.80,,,
Wusta,232.00,6.00,35.10,9.66,20.01,16.51,5.13,8.77,4.77,4.90,,,
Wusta,298.00,4.00,22.17,29.55,26.99,21.30,9.20,29.51,10.56,7.00,,,
Wusta,324.00,7.00,27.32,9.97,15.47,15.11,4.92,6.58,1.42,3.40,,,
Wusta,313.00,4.00,25.44,20.49,20.69,14.06,4.78,19.60,7.60,3.60,,,
Wusta,360.00,4.00,23.09,13.68,22.36,27.20,10.79,8.92,3.26,8.50,,,
Wusta,216.00,5.00,25.20,15.96,25.25,32.81,7.95,12.16,5.15,9.40,,,
Wusta,359.00,7.00,19.21,11.15,19.12,16.82,6.28,6.87,3.29,2.90,,,
Wusta,378.00,4.00,22.67,14.23,17.39,13.79,5.94,7.39,3.02,3.10,,,
Wusta,258.00,7.00,21.41,15.43,17.57,12.14,6.47,14.87,6.17,3.20,,,
Wusta,261.00,5.00,28.32,16.95,18.85,13.39,4.83,14.52,3.36,4.20,,,
Wusta,256.00,3.00,37.35,38.27,43.52,4.91,12.98,41.22,17.14,35.90,,,
Wusta,200.00,6.00,46.22,24.16,35.42,11.30,11.83,32.77,12.37,24.20,,,
Wusta,91.00,6.00,38.12,29.25,32.79,28.85,11.70,11.09,4.45,17.90,,,
Wusta,185.00,3.00,43.32,23.91,29.68,21.57,9.06,17.96,8.64,14.80,,,
Wusta,51.00,7.00,43.67,17.38,34.62,22.57,9.04,10.32,2.95,12.70,,,
Wusta,106.00,5.00,28.10,18.31,17.64,11.34,4.30,15.48,4.51,2.80,,,
Wusta,112.00,3.00,33.88,26.76,34.19,23.92,7.64,27.26,6.56,10.60,,,
Wusta,71.00,8.00,41.39,24.73,26.23,17.56,5.18,19.22,3.65,8.00,,,
Wusta,0.86,4.00,66.30,22.43,34.52,22.88,7.91,9.85,3.59,22.00,,,
Wusta,181.00,7.00,56.99,19.26,32.20,20.48,7.85,9.08,3.24,21.60,,,
Tor Faraj,219.00,3.00,64.93,42.83,40.33,1.15,8.09,42.97,10.44,32.30,,,
Tor Faraj,216.00,3.00,48.50,26.05,33.04,11.70,5.49,26.86,4.94,10.50,,,
Tor Faraj,218.00,4.00,46.24,33.18,32.61,17.70,6.63,44.31,5.41,14.00,,,
Tor Faraj,212.00,4.00,32.30,15.11,10.96,0.61,3.11,16.21,3.68,1.40,,,
Tor Faraj,5.00,5.00,57.56,36.68,34.91,30.33,7.68,39.82,7.56,18.90,,,
Tor Faraj,10.00,4.00,39.44,14.17,26.47,9.13,5.69,13.17,6.55,5.80,,,
Tor Faraj,213.00,6.00,74.93,52.77,42.30,4.28,7.71,29.28,6.06,37.70,,,
Tor Faraj,3.00,5.00,62.09,36.74,30.68,4.27,4.83,39.63,4.28,12.90,,,
Tor Faraj,2.00,3.00,46.18,45.21,32.27,1.82,5.21,48.36,4.33,10.90,,,
Tor Faraj,220.00,3.00,63.53,30.75,25.18,6.99,8.37,30.54,8.53,13.80,,,
Tor Faraj,208.00,7.00,91.72,30.27,22.36,3.33,7.40,29.25,11.78,20.60,,,
Tor Faraj,217.00,3.00,25.77,16.13,12.85,3.77,2.42,16.35,2.16,1.10,,,
Tor Faraj,205.00,3.00,44.80,20.45,28.07,3.45,4.83,19.30,4.14,6.80,,,
Tor Faraj,200.00,3.00,61.95,14.45,26.96,5.11,3.65,15.27,3.37,9.70,,,
Tor Faraj,201.00,6.00,81.57,27.13,28.11,10.68,7.13,28.74,3.85,22.50,,,
Tor Faraj,202.00,4.00,27.53,18.56,28.40,27.70,5.65,15.74,6.40,4.20,,,
Tor Faraj,4.00,3.00,39.50,28.80,35.77,18.37,5.02,32.20,4.91,9.30,,,
Tor Faraj,198.00,4.00,49.55,28.44,20.82,4.73,6.28,25.07,6.79,9.10,,,
Tor Faraj,197.00,4.00,53.77,31.13,26.20,2.28,2.93,32.72,4.25,6.00,,,
Tor Faraj,10.00,4.00,40.90,7.16,15.04,16.59,4.69,5.70,2.21,3.20,,,
Tor Faraj,203.00,3.00,22.74,26.69,31.02,25.94,3.00,25.69,5.06,3.20,,,
Tor Faraj,230.00,6.00,30.26,29.60,37.44,32.78,5.15,26.33,4.52,6.40,,,
Tor Faraj,234.00,6.00,53.47,23.59,21.42,10.38,7.06,23.01,6.43,10.30,,,
Tor Faraj,24.00,3.00,35.24,20.50,29.33,13.45,5.61,18.04,7.48,4.90,,,
Tor Faraj,1.00,4.00,53.17,24.26,23.81,8.29,5.64,25.16,5.72,8.10,,,
Tor Faraj,7.00,6.00,31.11,19.98,19.74,7.27,4.45,16.41,5.04,3.30,,,
Tor Faraj,223.00,4.00,50.81,41.91,39.90,16.32,9.76,41.26,9.68,24.20,,,
Tor Faraj,7.00,4.00,48.25,23.80,32.54,19.29,5.09,17.98,5.68,11.10,,,
Tor Faraj,6.00,6.00,46.04,28.18,38.57,26.27,6.83,23.91,6.64,13.80,,,
Tor Faraj,6.00,5.00,57.11,21.55,24.90,13.36,4.77,20.35,5.87,12.10,,,
Tor Faraj,232.00,5.00,67.01,18.71,26.14,9.55,6.41,21.86,7.97,11.20,,,
Tor Faraj,227.00,4.00,52.10,23.46,30.49,17.68,8.73,19.88,9.02,14.90,,,
Tor Faraj,233.00,5.00,38.71,29.91,34.24,23.16,10.09,25.41,7.67,12.70,,,
Tor Faraj,224.00,3.00,30.44,15.03,16.22,11.29,2.85,18.65,3.45,2.00,,,
Tor Faraj,225.00,3.00,72.33,42.28,37.91,4.71,7.92,37.67,8.68,23.30,,,
Tor Faraj,226.00,6.00,44.04,43.55,38.90,7.95,8.50,23.53,7.20,20.90,,,
Tor Faraj,236.00,5.00,79.09,11.44,25.83,23.33,5.31,9.67,4.38,13.40,,,
Tor Faraj,231.00,2.00,55.36,39.97,34.70,1.27,9.51,40.20,8.40,24.20,,,
Tor Faraj,4.00,4.00,63.79,21.99,29.43,1.08,8.94,22.94,5.45,16.00,,,
Tor Faraj,5.00,3.00,55.07,28.66,24.57,2.32,5.41,29.53,6.67,10.40,,,
Tor Faraj,2.00,3.00,68.53,24.60,20.06,0.90,4.85,23.10,4.40,9.70,,,
Tor Faraj,3.00,3.00,46.75,25.60,30.20,1.01,4.37,26.91,5.07,8.60,,,
Tor Faraj,1.00,3.00,61.70,50.07,43.36,0.95,7.47,45.08,8.28,28.50,,,
Tor Faraj,6.00,6.00,45.33,19.07,27.04,0.95,7.45,17.83,6.14,9.90,,,
Tor Faraj,14.00,3.00,32.22,40.37,39.82,18.34,7.58,38.45,8.98,11.00,,,
Tor Faraj,16.00,4.00,55.40,17.46,31.68,13.07,5.04,24.45,3.88,9.30,,,
Tor Faraj,3.00,3.00,69.27,39.57,31.67,4.68,8.53,30.68,7.21,23.80,,,
Tor Faraj,3.00,3.00,53.06,42.11,20.50,4.94,5.88,42.44,6.13,10.20,,,
Tor Faraj,6.00,6.00,50.02,36.42,30.14,0.87,8.87,33.45,8.76,17.30,,,
Tor Faraj,4.00,3.00,61.58,26.64,27.97,0.93,3.73,13.10,4.76,9.50,,,
Tor Faraj,5.00,3.00,46.48,36.55,27.31,1.14,6.21,42.42,6.84,8.10,,,
Tor Faraj,4.00,3.00,46.78,26.79,20.58,1.37,4.43,11.22,4.36,5.20,,,
Tor Faraj,15.00,3.00,44.60,32.89,20.61,3.49,4.02,24.30,3.61,6.50,,,
Tor Faraj,8.00,4.00,73.74,34.64,33.83,3.35,9.13,33.23,10.15,28.30,,,
Tor Faraj,3.00,3.00,66.83,42.41,37.43,1.39,8.76,47.34,7.95,24.60,,,
Tor Faraj,25.00,3.00,58.90,28.66,17.60,1.31,6.19,27.20,5.77,7.20,,,
Tor Faraj,19.00,3.00,52.19,45.34,35.88,11.14,8.99,38.22,9.40,21.80,,,
Tor Faraj,24.00,3.00,41.71,39.61,24.42,2.82,4.45,44.00,4.66,7.10,,,
Tor Faraj,15.00,6.00,70.17,53.39,40.14,9.21,11.15,56.17,7.68,29.40,,,
Tor Faraj,1.00,4.00,49.97,27.43,27.76,1.08,4.34,22.56,4.21,7.60,,,
Tor Faraj,2.00,4.00,40.26,35.56,30.28,6.73,6.12,41.07,7.30,10.10,,,
Tor Faraj,4.00,3.00,35.34,35.48,34.35,3.06,4.45,34.84,3.58,6.70,,,
Tor Faraj,18.00,3.00,36.18,37.01,28.62,1.36,6.45,40.28,7.21,8.60,,,
Tor Faraj,17.00,4.00,46.23,21.31,17.02,1.82,4.72,17.52,3.54,4.80,,,
Tor Faraj,13.00,3.00,52.71,21.85,26.74,5.74,6.52,21.29,4.52,10.00,,,
Tor Faraj,6.00,3.00,46.94,42.09,29.75,1.74,7.11,42.70,7.63,11.70,,,
Tor Faraj,19.00,3.00,63.50,50.07,46.44,3.01,8.05,23.47,5.01,29.50,,,
Tor Faraj,9.00,3.00,39.01,23.43,24.84,7.52,4.96,22.71,5.97,6.30,,,
Tor Faraj,16.00,4.00,63.30,39.40,27.29,5.61,6.13,44.86,5.97,15.30,,,
Tor Faraj,1.00,4.00,59.17,32.96,36.21,1.13,8.29,31.47,10.90,22.30,,,
Tor Faraj,4.00,5.00,53.69,25.36,18.46,5.04,4.94,27.66,4.99,8.00,,,
Tor Faraj,5.00,4.00,61.74,31.66,31.98,24.78,5.35,33.59,4.79,17.00,,,
Tor Faraj,4.00,3.00,54.42,22.43,26.36,20.81,7.21,23.28,3.90,11.40,,,
Tor Faraj,2.00,3.00,51.70,6.72,11.82,2.72,4.93,8.88,2.11,2.60,,,
Tor Faraj,16.00,3.00,35.11,19.93,20.79,1.27,3.74,18.38,4.19,3.70,,,
Tor Faraj,102.00,3.00,39.95,12.32,12.78,2.03,2.21,7.67,2.52,1.70,,,
Tor Faraj,204.00,3.00,26.48,18.31,16.00,6.45,3.04,16.04,4.86,1.90,,,
Tor Faraj,14.00,3.00,33.32,16.31,21.57,4.22,2.56,17.39,2.09,2.40,,,
Tor Faraj,13.00,6.00,51.21,14.46,23.72,1.42,5.06,16.18,3.59,5.00,,,
Tor Faraj,507.00,3.00,53.04,21.10,34.99,1.43,10.26,18.00,4.43,14.00,,,
Tor Faraj,6.00,3.00,52.81,29.19,35.67,15.43,4.23,22.62,3.76,10.10,,,
Tor Faraj,535.00,4.00,43.75,27.88,22.98,2.73,5.07,14.13,6.17,5.20,,,
Tor Faraj,101.00,4.00,55.70,33.56,22.48,5.39,4.03,38.86,6.46,9.40,,,
Tor Faraj,102.00,4.00,30.07,30.60,24.19,9.33,5.78,30.83,4.24,4.70,,,
Tor Faraj,553.00,4.00,63.30,39.40,27.29,5.61,6.13,44.86,5.97,15.30,,,
Tor Faraj,7.00,4.00,56.18,17.72,30.54,11.08,5.21,28.20,4.91,9.40,,,
Tor Faraj,195-1,4.00,30.07,30.60,24.19,9.33,5.78,30.83,4.24,4.70,,,
Tor Faraj,195-2,3.00,30.15,21.93,16.04,3.19,2.87,22.57,2.28,1.50,,,
Tor Faraj,UC 14,3.00,27.91,15.03,13.68,2.76,2.07,8.43,2.25,1.20,,,
Tor Faraj,UC 17,3.00,45.24,34.82,32.02,2.20,7.04,37.40,7.42,11.70,,,
Tor Faraj,UC 18,3.00,31.57,16.43,16.28,2.57,5.38,14.80,5.11,2.90,,,
Tor Faraj,UC 19,3.00,71.15,28.51,31.72,5.60,7.30,22.07,4.62,19.00,,,
Tor Faraj,UC 22,3.00,57.24,41.12,27.45,3.95,5.32,13.13,2.85,10.90,,,
Tor Faraj,UC1,5.00,55.64,44.26,30.02,1.98,6.57,58.15,8.08,16.90,,,
Tor Faraj,UC10,3.00,59.85,24.91,22.85,1.37,6.71,21.22,4.08,9.80,,,
Tor Faraj,UC11,4.00,63.38,50.74,34.97,13.05,6.23,58.51,4.95,21.90,,,
Tor Faraj,UC15,3.00,68.91,34.76,28.95,1.25,7.89,42.54,6.16,19.90,,,
Tor Faraj,UC21,3.00,55.29,40.98,28.98,1.70,5.04,38.01,4.85,11.30,,,
Tor Faraj,UC5,3.00,50.58,26.26,23.49,2.35,4.19,33.86,4.77,6.90,,,
Tor Faraj,UC6,3.00,58.51,36.53,28.05,2.37,6.35,27.28,5.91,15.20,,,
Tor Faraj,UC7,3.00,75.01,54.22,35.18,1.26,7.17,58.84,6.81,30.50,,,
Tor Faraj,UC8,3.00,55.97,38.72,20.37,2.00,4.82,49.92,3.86,8.50,,,
Tor Faraj,UC9,4.00,66.27,28.23,27.24,2.14,5.75,28.18,6.23,14.60,,,
Tor Faraj,258.00,3.00,51.94,20.92,23.25,4.00,4.28,31.27,3.93,6.90,,,
Tor Faraj,251.00,3.00,52.25,44.96,29.53,1.24,5.10,54.10,5.86,11.10,,,
Tor Faraj,254.00,3.00,69.72,53.01,37.65,1.39,7.24,52.28,7.54,32.00,,,
Tor Faraj,261.00,7.00,42.30,21.44,22.43,11.47,5.17,21.47,5.48,7.40,,,
Tor Faraj,260.00,5.00,30.23,22.86,34.68,30.51,6.32,21.70,4.24,6.40,,,
Tor Faraj,279.00,3.00,46.19,34.58,29.76,21.14,9.51,38.12,3.77,12.70,,,
Tor Faraj,277.00,6.00,41.83,25.81,36.99,28.78,7.65,27.43,7.98,20.20,,,
Kebara x,370,6.00,51.12,32.91,25.59,10.30,5.76,26.12,3.48,10.60,,,
kebara x,277,6.00,60.72,30.10,27.29,1.90,8.37,20.90,7.21,17.80,,,
kebara x,287,5.00,58.95,36.30,34.46,3.60,9.74,26.70,7.29,19.10,,,
kebara x,452,5.00,39.91,27.80,30.89,4.10,6.71,24.78,3.69,6.00,,,
Kebara x,468,4.00,50.98,15.45,15.29,2.60,6.12,12.23,4.06,4.80,,,
kebara x,465,3.00,47.87,12.83,17.51,6.90,6.73,6.33,4.62,5.70,,,
kebara x,463,8.00,85.75,44.10,33.20,2.10,6.04,31.15,5.03,19.80,,,
kebara x,174,5.00,39.22,33.62,36.36,4.20,4.79,26.07,5.16,8.50,,,
Kebara x,55,5.00,65.31,28.54,26.84,17.97,5.05,21.50,3.67,11.80,,,
kebara x,553,6.00,64.89,24.88,39.07,4.80,8.56,22.17,5.64,25.40,,,
kebara x,513,4.00,47.88,28.42,23.64,4.70,4.14,23.44,3.27,5.60,,,
kebara x,464,3.00,43.73,31.53,27.68,1.00,6.05,31.76,4.05,7.50,,,
Kebara x,460,5.00,59.17,23.97,27.65,7.80,8.45,22.53,6.12,11.90,,,
kebara x,351,5.00,55.49,11.39,21.53,8.67,5.69,7.60,3.18,4.90,,,
kebara x,171,5.00,43.86,12.15,22.02,5.00,4.66,7.15,2.38,3.00,,,
kebara x,260,5.00,30.56,17.20,30.90,1.30,7.04,15.99,4.52,4.40,,,
kebara x,196.00,9.00,55.29,40.79,24.55,2.56,5.22,36.16,6.68,12.80,,,
kebara x,248,4.00,61.13,39.90,56.81,15.20,11.52,18.08,4.58,37.60,,,
kebara x,321,3.00,41.29,31.77,29.41,12.10,9.59,,4.77,11.00,,,
Kebara x,300,4.00,43.85,37.41,36.12,16.60,5.49,36.47,7.02,15.20,,,
kebara x,324,4.00,39.72,34.30,29.11,2.80,4.27,34.41,8.35,8.90,,,
kebara x,468,3.00,50.49,23.84,18.78,4.50,3.32,19.87,3.66,4.00,,,
kebara x,261,5.00,54.26,17.02,14.82,4.70,4.88,14.95,2.73,4.50,,,
Kebara x,459,3.00,54.94,21.14,15.21,1.70,3.69,16.89,4.71,4.20,,,
kebara x,497,4.00,79.71,22.66,30.16,8.00,5.62,18.38,2.73,14.20,,,
kebara x,75,4.00,37.70,15.61,18.76,2.30,2.80,13.68,3.31,2.20,,,
kebara x,225,4.00,36.28,21.17,21.42,2.70,5.45,15.38,3.71,3.90,,,
Kebara x,239,4.00,69.15,28.59,32.61,25.10,7.21,16.62,5.18,20.60,,,
kebara x,253,4.00,86.22,29.66,27.73,1.90,7.78,26.03,5.95,17.50,,,
kebara x,213,4.00,62.12,30.47,32.60,3.70,5.23,30.25,4.73,12.70,,,
kebara x,180,3.00,47.10,38.99,30.78,3.20,7.19,39.04,7.11,10.80,,,
Kebara x,151,4.00,35.94,19.17,27.03,7.90,3.55,17.52,4.44,4.20,,,
kebara x,287,3.00,37.38,17.74,18.75,6.71,2.62,17.08,4.48,2.40,,,
kebara x,194,3.00,42.25,34.48,26.67,21.87,5.43,32.66,7.20,10.10,,,
Kebara x,154,3.00,44.75,22.12,25.22,11.07,7.20,18.12,4.76,7.30,,,
kebara x,196,3.00,40.05,35.32,31.13,2.10,4.09,35.25,7.96,7.10,,,
kebara x,31,4.00,36.70,40.40,31.62,29.22,6.21,36.04,2.69,8.10,,,
kebara x,935,4.00,60.30,36.13,29.63,4.00,5.39,34.61,4.29,14.20,,,
Kebara x,502,3.00,89.18,32.45,37.33,3.50,9.03,30.11,5.19,30.60,,,
kebara x,210,2.00,61.32,37.91,28.00,2.40,8.05,26.54,3.52,14.30,,,
kebara x,273,3.00,48.47,27.55,26.29,4.60,4.82,25.67,6.12,8.10,,,
kebara x,253,3.00,35.98,29.28,26.01,43654.00,3.65,27.75,3.37,5.00,,,
Kebara x,131,6.00,32.59,38.71,41.90,1.40,5.47,38.37,6.11,7.70,,,
kebara x,200,2.00,32.46,19.00,21.88,5.20,4.62,19.29,6.45,4.40,,,
kebara x,120,10.00,60.06,18.14,30.10,16.66,8.77,12.56,5.04,14.30,,,
Kebara x,399,3.00,38.03,42.20,35.84,1.50,7.64,41.10,8.03,13.20,,,
kebara x,432,3.00,44.54,31.74,30.21,7.60,3.45,20.53,3.18,5.90,,,
kebara x,362,3.00,49.78,46.92,32.75,16.60,7.56,46.74,6.72,20.40,,,
kebara x,889,3.00,48.63,35.13,34.92,7.16,3.62,34.40,4.39,13.40,,,
Kebara x,251,5.00,49.04,23.33,25.04,1.30,6.73,14.91,4.63,9.00,,,
kebara x,353,4.00,44.49,27.11,19.18,1.60,6.19,20.68,6.87,6.90,,,
kebara x,349,6.00,63.44,39.22,40.22,12.70,8.67,38.54,6.72,31.80,,,
kebara x,367,3.00,63.88,43.05,45.56,22.00,4.89,42.76,5.82,22.80,,,
Kebara x,468,4.00,39.83,21.21,14.36,3.10,4.07,20.41,3.77,3.40,,,
kebara x,494,4.00,40.31,23.10,17.90,1.30,3.13,19.51,4.31,3.90,,,
kebara x,280.00,5.00,61.87,33.09,26.18,16.72,7.31,32.87,5.10,16.30,,,
kebara x,428,4.00,49.90,31.73,20.95,2.20,6.29,30.62,3.96,9.20,,,
Kebara x,347,4.00,42.07,31.31,27.78,8.30,6.55,30.72,3.94,8.50,,,
kebara x,419,3.00,51.74,27.74,30.31,4.60,4.12,25.87,4.94,7.20,,,
kebara x,473,3.00,38.00,26.18,18.21,1.60,4.71,26.17,6.34,5.50,,,
kebara x,258,5.00,40.02,37.02,29.90,1.60,6.83,28.99,7.05,10.40,,,
Kebara x,308,4.00,39.41,23.93,21.05,2.10,4.46,22.56,4.78,4.10,,,
kebara x,522,3.00,32.80,23.28,18.91,5.60,4.74,23.49,3.79,3.50,,,
kebara x,474,3.00,32.23,19.16,18.14,9.30,4.94,5.81,2.10,2.50,,,
kebara x,255,3.00,41.07,24.11,22.80,4.10,6.05,22.37,4.18,5.90,,,
Kebara x,292,4.00,58.95,37.72,32.29,3.30,6.45,21.72,8.05,15.60,,,
kebara x,369,4.00,56.74,27.43,25.20,1.70,7.03,19.57,4.88,9.80,,,
kebara x,350,4.00,53.48,32.18,34.94,1.30,6.33,28.84,5.02,11.70,,,
kebara x,313,4.00,45.50,24.84,20.56,3.52,5.36,12.98,4.66,5.90,,,
Kebara x,424,4.00,35.03,27.72,34.20,20.11,8.05,25.43,6.20,8.20,,,
kebara x,464,4.00,34.16,30.23,27.99,2.40,5.62,29.74,6.40,6.50,,,
kebara x,290,3.00,43.40,37.37,28.79,1.20,4.64,22.47,3.60,7.00,,,
kebara x,382,5.00,49.29,21.29,25.50,2.30,7.48,18.66,2.35,7.50,,,
Kebara x,330,3.00,41.43,31.75,20.59,2.30,5.32,25.19,4.68,5.40,,,
kebara x,343,4.00,75.34,64.04,51.47,8.20,10.99,51.95,4.65,37.00,,,
kebara x,348,5.00,47.69,14.52,19.45,1.00,4.74,10.02,1.80,5.10,,,
kebara x,458,3.00,54.29,18.42,16.24,4.10,4.21,15.07,7.07,5.40,,,
Kebara x,412,5.00,41.03,15.53,17.60,7.30,3.87,3.76,1.63,3.60,,,
kebara x,283,4.00,36.75,35.28,24.70,4.70,6.43,35.28,4.64,7.60,,,
kebara x,80,5.00,32.20,22.50,21.96,2.50,3.81,13.85,5.60,3.40,,,
kebara x,73,4.00,36.08,22.45,22.31,4.20,4.12,21.71,3.83,3.40,,,
Kebara x,193,4.00,54.16,40.13,35.15,1.30,8.67,40.33,8.36,16.00,,,
kebara x,234,6.00,56.84,26.88,33.29,1.40,3.44,26.79,3.68,9.80,,,
kebara x,175,4.00,60.15,34.47,38.72,20.10,7.56,30.45,10.74,20.20,,,
kebara x,215,3.00,52.11,42.18,41.81,5.90,7.41,41.02,8.63,19.40,,,
Kebara x,581,3.00,55.36,37.11,30.38,1.60,5.21,36.98,7.26,12.80,,,
kebara x,523,6.00,50.72,41.90,41.88,3.50,6.61,41.43,7.39,16.00,,,
kebara x,107,2.00,32.28,30.43,28.43,10.48,2.34,25.62,2.66,2.20,,,
kebara x,230,3.00,30.36,28.68,20.58,1.30,3.32,28.56,1.23,2.40,,,
Kebara x,895,2.00,81.39,39.43,28.56,9.70,6.91,36.34,8.19,26.50,,,
kebara x,591,4.00,85.22,48.95,35.04,5.90,7.99,47.78,5.62,35.00,,,
kebara x,1308,6.00,76.03,23.76,30.54,5.10,7.77,17.84,6.81,21.70,,,
kebara x,446,2.00,63.27,42.75,35.70,3.70,6.32,37.97,8.69,19.40,,,
Kebara x,457,3.00,41.90,18.59,18.94,1.80,6.96,17.02,3.82,5.80,,,
kebara x,212,4.00,45.24,22.93,18.30,1.30,2.63,20.02,3.58,3.30,,,
kebara x,207,4.00,53.56,33.49,23.41,1.60,7.39,33.39,4.19,9.20,,,
kebara x,278,6.00,43.30,28.51,28.02,1.50,4.16,26.83,7.40,5.70,,,
Kebara x,270,5.00,44.32,48.09,36.66,0.70,9.10,48.11,6.88,15.80,,,
kebara x,181,4.00,55.29,29.73,34.80,1.90,6.17,28.71,5.33,11.60,,,
kebara x,231,3.00,40.92,43.67,26.15,9.20,7.09,43.71,7.59,10.50,,,
kebara x,200,3.00,52.05,37.72,31.54,5.50,5.16,38.73,6.38,13.70,,,
Kebara x,244,4.00,43.20,42.02,31.29,6.90,10.72,40.53,6.72,16.10,,,
kebara x,272,3.00,35.74,27.27,15.40,1.50,3.90,28.69,3.45,3.40,,,
kebara x,209,2.00,35.63,35.70,22.00,1.60,4.71,35.47,4.29,4.90,,,
kebara x,216,4.00,33.58,32.85,22.41,0.90,6.82,32.73,4.66,6.40,,,
Kebara x,197,3.00,28.06,29.30,20.37,11.84,3.19,29.15,5.15,3.40,,,
kebara x,229,3.00,30.53,25.17,21.39,13.10,3.93,25.17,2.73,3.20,,,
kebara x,281,5.00,43.16,35.63,38.91,4.80,12.57,31.90,8.75,19.70,,,
kebara x,242,5.00,34.27,21.90,21.20,1.20,6.72,20.79,1.58,4.70,,,
Kebara x,391,6.00,48.84,60.95,47.77,7.20,11.60,61.18,8.29,36.50,,,
kebara x,118,5.00,39.31,21.54,24.74,6.10,4.71,15.84,3.17,4.50,,,
kebara x,40,4.00,44.98,31.03,29.32,23.67,3.52,23.12,5.67,6.90,,,
Qafzeh XIX,747,3.00,31.00,17.18,23.97,16.33,3.78,13.49,3.89,2.70,,,
Qafzeh XIX,731,4.00,53.42,20.53,24.48,6.34,5.35,6.74,4.15,5.80,,,
Qafzeh XIX,47,3.00,35.06,22.86,23.21,10.39,4.72,3.45,1.67,4.00,,,
Qafzeh XIX,284,5.00,53.10,23.51,26.22,7.71,6.07,15.81,3.73,9.60,,,
Qafzeh XIX,111,5.00,73.56,24.36,26.28,16.00,7.27,16.77,4.61,17.50,,,
Qafzeh XIX,,6.00,,,32.47,16.00,5.15,,,8.10,,,
Qafzeh XIX,358,5.00,38.31,24.88,18.79,13.00,3.23,13.97,5.09,3.00,,,
Qafzeh XIX,735,5.00,43.46,22.18,28.71,8.91,2.94,20.49,3.77,4.30,,,
Qafzeh XIX,1,5.00,33.39,22.19,26.76,11.87,5.66,20.60,1.95,4.80,,,
Qafzeh XIX,44,4.00,38.88,16.78,31.32,6.30,5.12,13.02,2.41,4.00,,,
Qafzeh XIX,372,6.00,29.96,19.99,25.23,,5.39,19.64,6.58,4.80,,,
Qafzeh XIX,,6.00,26.88,15.41,14.93,10.45,2.52,13.14,4.80,1.30,,,
Qafzeh XIX,4,5.00,65.73,25.81,30.43,10.71,8.90,27.86,3.66,13.50,,,
Qafzeh XIX,619,5.00,42.93,42.43,58.82,38.00,11.19,41.82,3.91,19.80,,,
Qafzeh XIX,16,3.00,27.68,24.45,25.69,11.00,5.62,24.05,6.11,4.50,,,
Qafzeh XIX,79,3.00,40.23,17.87,23.54,15.00,5.91,8.11,4.56,4.70,,,
Qafzeh XIX,32,7.00,19.40,23.44,20.44,15.00,4.18,22.05,5.55,1.80,,,
Qafzeh XIX,522,9.00,36.79,25.98,27.04,7.99,6.62,9.99,3.53,5.40,,,
Qafzeh XIX,730,4.00,22.60,21.77,26.37,23.24,6.03,20.93,5.65,3.80,,,
Qafzeh XIX,525,4.00,48.61,29.58,24.45,23.00,10.90,11.76,2.59,9.90,,,
Qafzeh XIX,45,4.00,30.18,14.44,17.08,18.82,2.31,7.97,2.30,1.50,,,
Qafzeh XIX,2252.00,4.00,26.28,13.23,18.69,8.51,2.01,6.89,1.09,1.00,,,
Qafzeh XIX,32,3.00,28.79,14.40,23.03,14.75,5.49,11.24,4.81,3.30,,,
Qafzeh XIX,563,3.00,58.74,25.74,42.20,8.00,5.11,23.35,5.51,11.40,,,
Qafzeh XIX,33,3.00,36.12,25.80,39.75,16.00,5.02,18.17,5.75,6.60,,,
Qafzeh XIX,73,5.00,35.65,15.23,12.24,10.52,5.19,4.91,1.87,3.00,,,
Qafzeh XIX,24,4.00,30.24,29.78,30.51,23.35,5.58,28.07,3.77,6.20,,,
Qafzeh XIX,2,10.00,44.53,15.75,22.86,12.00,3.37,5.74,2.53,3.60,,,
Qafzeh XIX,145,9.00,50.13,42.58,39.01,25.36,7.51,36.47,4.76,21.20,,,
Qafzeh XIX,427,5.00,45.64,20.15,23.84,8.00,8.87,17.99,1.93,7.20,,,
Qafzeh XIX,33,5.00,31.20,18.28,21.44,6.00,3.60,13.36,3.00,2.60,,,
Qafzeh XIX,621,7.00,25.95,32.96,30.71,17.00,5.54,29.96,5.33,4.10,,,
Qafzeh XIX,176,5.00,31.36,29.45,36.76,14.00,4.89,25.37,2.40,6.40,,,
Qafzeh XIX,35,6.00,30.25,21.63,22.80,7.09,3.40,18.79,4.70,2.30,,,
Qafzeh XIX,2651.00,3.00,20.18,26.23,21.54,11.20,3.55,24.74,3.38,2.20,,,
Qafzeh XIX,281,3.00,53.97,27.25,37.19,17.07,6.39,36.66,5.94,12.40,,,
Qafzeh XIX,21,8.00,46.36,42.89,39.96,12.09,6.96,39.03,10.60,14.20,,,
Qafzeh XIX,42,4.00,29.70,24.00,25.35,12.00,5.27,17.98,5.38,4.00,,,
Qafzeh XIX,16,4.00,30.87,25.93,20.77,7.00,2.03,13.92,3.37,1.90,,,
Qafzeh XIX,2525.00,3.00,20.43,40.70,40.87,27.00,8.43,39.32,4.67,7.20,,,
Qafzeh XIX,417,6.00,27.24,33.61,29.48,12.93,5.20,33.25,1.88,4.30,,,
Qafzeh XIX,2593.00,3.00,19.92,18.20,19.74,13.30,5.05,17.87,4.70,2.20,,,
Qafzeh XIX,9,3.00,49.53,31.04,40.39,22.00,11.71,50.76,7.90,14.20,,,
Qafzeh XIX,744,8.00,46.15,35.05,25.93,21.00,4.34,34.65,8.78,9.00,,,
Qafzeh XIX,779,7.00,59.48,26.83,18.23,17.00,5.62,13.50,2.79,10.50,,,
Qafzeh XIX,277,8.00,35.20,25.08,27.27,25.00,6.31,24.00,5.96,7.20,,,
Qafzeh XIX,325,5.00,47.16,17.35,19.53,7.17,4.41,10.30,3.19,5.00,,,
Qafzeh XIX,17,4.00,29.88,22.30,33.45,13.72,2.59,15.93,2.96,2.80,,,
Qafzeh XIX,27,4.00,28.07,12.94,14.40,10.81,3.27,10.98,1.58,1.50,,,
Qafzeh XIX,2567.00,5.00,29.75,19.64,28.88,10.39,4.21,14.71,2.17,3.50,,,
Qafzeh XIX,71,6.00,30.04,18.17,18.97,11.26,3.41,14.57,5.18,2.60,,,
Qafzeh XIX,501,9.00,38.04,33.97,39.38,8.74,5.68,31.13,6.69,9.20,,,
Qafzeh XIX,7,7.00,24.63,17.90,20.92,13.06,2.56,11.03,3.60,1.50,,,
Qafzeh XIX,40,6.00,33.65,16.00,26.07,14.87,2.27,7.68,1.83,2.20,,,
Qafzeh XIX,360,6.00,43.93,26.54,29.65,18.17,8.07,20.69,5.35,9.20,,,
Qafzeh XIX,5,6.00,55.23,38.88,36.71,15.83,7.02,42.37,5.53,16.10,,,
Qafzeh XIX,274,7.00,67.07,28.54,36.89,30.99,8.05,17.65,7.56,23.50,,,
Qafzeh XIX,31,6.00,65.23,43.86,42.88,19.91,8.52,30.14,11.84,28.30,,,
Qafzeh XIX,21,6.00,52.11,28.22,28.86,10.68,9.51,27.28,5.57,16.60,,,
Qafzeh XIX,739,5.00,36.90,44.38,30.26,12.62,4.79,20.88,4.84,7.00,,,
Qafzeh XIX,449,13.00,80.35,50.06,44.97,27.00,10.48,31.53,4.67,58.70,,,
Qafzeh XIX,410,3.00,71.22,32.32,49.10,13.00,10.75,20.84,11.92,32.30,,,
Qafzeh XIX,B11,4.00,27.30,17.71,23.58,8.00,6.26,14.32,4.03,3.00,,,
Qafzeh XIX,404,3.00,27.32,33.93,38.23,31.30,8.71,38.02,8.00,10.70,,,
Qafzeh XIX,755,7.00,31.02,18.17,32.76,21.33,6.94,4.61,2.39,5.30,,,
Qafzeh XIX,446,8.00,66.23,30.97,37.39,13.04,6.65,18.14,7.14,19.50,,,
Qafzeh XIX,24,5.00,38.28,21.21,35.31,17.88,9.14,22.80,4.52,10.80,,,
Qafzeh XIX,616,4.00,54.48,30.01,35.10,19.65,6.72,16.13,4.63,13.90,,,
Qafzeh XIX,23,7.00,34.28,30.00,40.80,14.06,9.56,15.50,2.12,14.20,,,
Qafzeh XIX,2653.00,6.00,25.80,18.30,22.03,14.30,4.75,13.09,3.77,2.60,,,
BNS,675/678 (conjoin),5.00,18.91,20.49,22.92,12.68,4.34,19.71,5.35,2.20,,,
BNS,1182.00,8.00,38.37,17.33,30.80,19.95,8.74,10.58,3.85,10.80,,,
BNS,1166.00,8.00,47.67,22.32,34.26,26.70,9.35,12.38,4.47,12.70,,,
BNS,1172.00,7.00,42.80,33.33,39.83,33.03,10.59,31.92,8.50,18.40,,,
BNS,1043.00,9.00,52.43,25.17,29.60,13.94,6.32,17.37,5.49,12.30,,,
BNS,977.00,5.00,30.06,10.57,15.36,1.34,3.04,10.56,3.22,1.90,,,
BNS,907.00,8.00,44.94,15.33,22.78,15.53,7.06,15.15,6.75,8.80,,,
BNS,943.00,5.00,36.43,22.25,25.52,21.84,6.14,21.69,3.60,6.00,,,
BNS,838.00,7.00,30.30,28.65,33.78,32.95,7.34,28.85,8.40,8.40,,,
BNS,837.00,7.00,26.56,16.91,19.03,22.93,5.49,12.40,4.12,3.70,,,
BNS,2803.00,7.00,39.67,16.61,24.32,5.39,5.78,14.97,5.56,8.00,,,
BNS,524.00,13.00,39.76,23.98,29.61,5.28,7.11,22.22,9.67,9.80,,,
BNS,11.00,13.00,36.11,18.31,28.44,14.97,8.71,17.04,8.70,9.10,,,
BNS,1015.00,8.00,37.83,11.90,24.78,23.05,6.07,9.20,4.78,6.40,,,
BNS,155.00,8.00,30.23,33.14,33.99,28.63,8.48,30.32,10.06,12.20,,,
BNS,812.00,16.00,48.94,37.38,52.72,37.38,14.98,34.08,7.35,43.20,,,
BNS,20.00,4.00,42.55,30.90,28.43,1.24,6.96,26.52,8.99,9.40,,,
BNS,50.00,4.00,28.98,19.38,20.24,7.77,4.05,18.26,5.87,3.00,,,
BNS,454.00,6.00,30.53,22.22,30.04,17.91,9.34,20.96,9.87,9.10,,,
BNS,432.00,6.00,26.22,26.91,27.72,9.62,7.60,28.55,6.73,5.10,,,
BNS,122.00,9.00,46.72,24.76,21.22,3.30,5.42,26.57,6.83,7.70,,,
BNS,229.00,5.00,23.69,25.96,22.19,14.84,6.74,26.28,9.65,4.30,,,
BNS,185.00,7.00,26.94,16.14,19.22,17.52,4.70,11.43,4.72,3.10,,,
BNS,166.00,3.00,24.08,14.77,23.35,14.07,5.36,17.46,5.96,3.40,,,
BNS,161.00,8.00,32.20,23.67,31.30,21.15,6.59,28.40,2.90,10.90,,,
BNS,176.00,3.00,19.82,20.19,23.63,21.81,6.17,17.58,5.84,3.20,,,
BNS,366.00,4.00,51.72,38.70,41.76,38.00,9.14,47.06,10.82,19.80,,,
BNS,367.00,10.00,45.10,29.99,36.41,17.82,5.16,28.53,8.70,12.60,,,
BNS,96.00,5.00,21.04,14.87,20.52,14.87,4.43,14.86,3.97,2.30,,,
BNS,243.00,9.00,18.77,16.27,16.87,2.63,3.14,15.89,4.46,1.10,,,
BNS,255.00,9.00,37.70,14.14,28.68,20.84,4.62,12.03,4.25,7.50,,,
BNS,734.00,11.00,18.58,10.39,14.73,6.90,3.02,9.76,3.64,1.10,,,
1017.00,1.00,13.00,49.01,36.66,43.17,31.14,7.38,27.38,9.30,30.50,,,
1017.00,2.00,15.00,50.28,43.47,43.44,30.00,12.16,42.19,12.40,37.50,,,
1017.00,3.00,14.00,52.44,44.02,43.32,15.65,13.56,43.89,13.97,42.80,,,
1017.00,4.00,9.00,80.55,43.73,47.08,18.42,9.94,41.72,12.59,59.40,,,
1017.00,5.00,9.00,51.32,43.88,45.86,26.20,11.82,44.01,14.25,40.60,,,
1017.00,6.00,12.00,85.53,57.03,75.43,47.66,14.63,37.57,11.68,151.50,,,
1017.00,7.00,10.00,55.48,46.76,41.23,32.77,15.07,46.96,18.20,41.30,,,
1017.00,8.00,8.00,45.80,32.11,36.70,21.52,11.97,21.25,11.44,21.20,,,
1017.00,9.00,8.00,48.47,34.92,39.90,26.54,8.96,32.85,11.59,22.10,,,
1017.00,10.00,8.00,50.09,48.17,61.52,48.02,10.17,40.54,11.00,43.60,,,
1017.00,11.00,9.00,60.89,48.23,50.63,24.77,12.06,41.52,13.85,50.30,,,
1017.00,12.00,9.00,57.94,52.22,47.03,15.88,11.81,50.30,13.21,40.70,,,
1017.00,13.00,7.00,36.14,25.09,31.22,20.76,6.93,24.59,8.96,10.30,,,
1017.00,14.00,7.00,61.77,41.34,51.29,32.36,9.30,35.02,14.59,39.60,,,
1017.00,15.00,6.00,76.95,32.90,34.71,14.28,8.20,31.50,9.27,31.90,,,
1017.00,16.00,16.00,55.49,51.28,59.21,29.83,10.78,43.30,12.12,40.20,,,
1017.00,17.00,6.00,67.39,16.03,36.66,17.87,5.63,16.04,5.07,14.80,,,
1017.00,18.00,7.00,39.07,16.64,18.31,11.88,3.48,14.22,4.90,2.90,,,
1017.00,19.00,8.00,44.99,31.37,35.65,18.74,5.43,31.81,6.78,9.70,,,
1017.00,20.00,15.00,78.15,59.01,62.97,31.32,14.15,59.38,12.71,81.20,,,
1017.00,21.00,5.00,56.16,22.72,37.79,7.96,5.23,22.17,8.45,14.70,,,
1017.00,22.00,4.00,42.65,26.18,40.47,19.29,6.07,22.46,7.65,13.40,,,
1017.00,23.00,6.00,45.55,25.96,36.40,20.68,9.79,24.44,10.72,19.50,,,
1017.00,24.00,15.00,43.86,30.49,36.46,20.35,6.25,29.19,8.65,14.10,,,
1017.00,25.00,5.00,38.63,38.93,33.64,28.76,8.61,36.04,12.25,17.20,,,
1017.00,26.00,5.00,37.64,29.80,36.23,22.74,10.96,24.27,10.29,17.60,,,
1017.00,27.00,7.00,33.16,28.74,36.86,31.87,6.16,27.05,7.38,9.80,,,
1017.00,28.00,9.00,35.50,20.43,19.11,17.58,3.35,19.80,4.97,3.50,,,
1017.00,29.00,8.00,41.66,40.91,52.61,34.20,14.06,44.79,15.70,36.30,,,
1017.00,30.00,7.00,36.29,25.13,35.30,23.13,4.90,20.53,5.65,5.20,,,
1017.00,31.00,9.00,39.42,19.17,25.38,4.91,5.20,18.67,4.53,6.10,,,
1017.00,32.00,7.00,35.53,17.40,34.70,25.23,6.36,14.17,1.74,8.70,,,
1017.00,33.00,12.00,53.74,33.66,42.42,20.89,9.42,30.54,11.38,28.30,,,
1017.00,34.00,6.00,33.39,12.22,23.41,3.50,4.20,9.22,2.93,4.10,,,
1017.00,35.00,4.00,27.22,23.92,26.20,20.68,3.22,17.47,2.75,2.80,,,
1017.00,36.00,8.00,34.40,35.59,29.15,29.05,7.41,33.29,7.62,11.70,,,
1017.00,37.00,11.00,65.24,53.25,56.78,37.08,15.51,48.04,12.73,72.40,,,
1017.00,38.00,11.00,48.48,40.15,60.66,26.76,6.52,38.41,5.37,28.00,,,
1017.00,39.00,9.00,33.01,30.11,41.05,30.11,7.31,27.21,6.89,13.00,,,
1017.00,40.00,8.00,25.03,23.09,27.96,7.21,3.83,16.35,3.18,3.30,,,
1017.00,41.00,5.00,31.12,21.93,20.89,17.47,4.56,21.69,4.33,4.40,,,
1017.00,42.00,7.00,68.57,20.40,22.55,22.39,4.73,15.58,9.24,16.60,,,
1017.00,43.00,5.00,52.66,45.80,50.84,30.62,13.55,47.06,15.38,39.50,,,
1017.00,44.00,6.00,73.02,25.59,21.86,24.44,4.89,26.07,7.02,13.60,,,